INSERT  into  role (role_name) values ('USER'),('ADMIN');

INSERT INTO `category` (`category_name`) VALUES ('Best selling');
INSERT INTO `category` (`category_name`) VALUES ('For boys');
INSERT INTO `category` (`category_name`) VALUES ('For girls');
INSERT INTO `category` (`category_name`) VALUES ('Jewellery');
INSERT INTO `category` (`category_name`) VALUES ('Silver');
INSERT INTO `category` (`category_name`) VALUES ('For women');
INSERT INTO `category` (`category_name`) VALUES ('For men');
INSERT INTO `category` (`category_name`) VALUES ('Tech');
INSERT INTO `category` (`category_name`) VALUES ('Wrist watches');
INSERT INTO `category` (`category_name`) VALUES ('For pets');
INSERT INTO `category` (`category_name`) VALUES ('Gold');

INSERT INTO `user` (`uid`, `firstname`, `surname`, `patronymic`, `birth_date`, `is_activated`, `email`, `password`, `phone_number`, `role_id`) VALUES (1, 'Delphia', 'Jakubowski', 'Pfeffer', '1989-12-09', 0, 'viviane10@example.com', '2d2b2db5355f1341043ebec57e9effbfaa121ec1', '1-269-926-5652', 1);
INSERT INTO `user` (`uid`, `firstname`, `surname`, `patronymic`, `birth_date`, `is_activated`, `email`, `password`, `phone_number`, `role_id`) VALUES (2, 'Otha', 'Stark', 'Hane', '1978-04-03', 0, 'xleffler@example.com', '68483cad9ef15c3ff0a214a1b098f12b8a991626', '09007911955', 1);
INSERT INTO `user` (`uid`, `firstname`, `surname`, `patronymic`, `birth_date`, `is_activated`, `email`, `password`, `phone_number`, `role_id`) VALUES (3, 'Jena', 'Gusikowski', 'Donnelly', '1979-09-12', 0, 'hayley.hegmann@example.com', '5ac0616a7f9c60a866c7d77f99322b216f1dc97c', '(223)086-1733', 1);
INSERT INTO `user` (`uid`, `firstname`, `surname`, `patronymic`, `birth_date`, `is_activated`, `email`, `password`, `phone_number`, `role_id`) VALUES (4, 'Hayley', 'Satterfield', 'Roberts', '1995-02-25', 0, 'othompson@example.org', 'aab0027b415daa733ac81b44dbe80e78d25baf55', '06749439598', 1);
INSERT INTO `user` (`uid`, `firstname`, `surname`, `patronymic`, `birth_date`, `is_activated`, `email`, `password`, `phone_number`, `role_id`) VALUES (5, 'Janae', 'Schmitt', 'Pagac', '1978-06-09', 1, 'stiedemann.monserrate@example.org', '9e9d7d9f51364bd19174ae1e63fa0b209dabd752', '555.796.0871x402', 1);
INSERT INTO `user` (`uid`, `firstname`, `surname`, `patronymic`, `birth_date`, `is_activated`, `email`, `password`, `phone_number`, `role_id`) VALUES (6, 'Ivory', 'Adams', 'Hoeger', '1986-07-12', 1, 'dane.shields@example.net', '2b3198c2c3d744886d52b067d7de0b02d986b93d', '(807)961-7781x251', 1);
INSERT INTO `user` (`uid`, `firstname`, `surname`, `patronymic`, `birth_date`, `is_activated`, `email`, `password`, `phone_number`, `role_id`) VALUES (7, 'Mable', 'Hand', 'Murray', '1984-05-22', 1, 'adolfo56@example.com', 'f72c73360ccb826a285197b002992e1ff8704701', '278-284-2663x179', 1);
INSERT INTO `user` (`uid`, `firstname`, `surname`, `patronymic`, `birth_date`, `is_activated`, `email`, `password`, `phone_number`, `role_id`) VALUES (8, 'Noe', 'Balistreri', 'Fadel', '1976-12-06', 1, 'emmet.hagenes@example.org', '72364980daf7a6a5c045ed8fc3206b9b73979cf5', '1-669-337-4323', 1);
INSERT INTO `user` (`uid`, `firstname`, `surname`, `patronymic`, `birth_date`, `is_activated`, `email`, `password`, `phone_number`, `role_id`) VALUES (9, 'Brandon', 'Cassin', 'Schaden', '1983-11-27', 1, 'adrienne.marquardt@example.com', '7926048ac6b26eb90fd5b4ace06323ad7721f5e6', '577-702-0256x6326', 1);
INSERT INTO `user` (`uid`, `firstname`, `surname`, `patronymic`, `birth_date`, `is_activated`, `email`, `password`, `phone_number`, `role_id`) VALUES (10, 'Rory', 'Legros', 'Kulas', '2001-04-04', 1, 'ian31@example.com', 'db1ba6834a25ecc69268f56fbd8ac7863870bff7', '1-959-692-9229x178', 1);
INSERT INTO `user` (`uid`, `firstname`, `surname`, `patronymic`, `birth_date`, `is_activated`, `email`, `password`, `phone_number`, `role_id`) VALUES (11, 'Bella', 'Gerhold', 'Kris', '1998-03-11', 1, 'hand.savion@example.net', '312c1639ec4af644f86e190ccb6cea879d48f84f', '+95(6)2373206390', 1);
INSERT INTO `user` (`uid`, `firstname`, `surname`, `patronymic`, `birth_date`, `is_activated`, `email`, `password`, `phone_number`, `role_id`) VALUES (12, 'Tremaine', 'Kautzer', 'Pagac', '1999-03-10', 0, 'keeley68@example.org', '4932d8de907983a9e377212c44da860551eab388', '1-826-425-2626', 1);
INSERT INTO `user` (`uid`, `firstname`, `surname`, `patronymic`, `birth_date`, `is_activated`, `email`, `password`, `phone_number`, `role_id`) VALUES (13, 'Katlynn', 'OHara', 'Stiedemann', '1978-05-21', 1, 'monserrat.leuschke@example.org', '5ec597d5fcd874757bf9f531d257f42163667e69', '1-870-621-2449', 1);
INSERT INTO `user` (`uid`, `firstname`, `surname`, `patronymic`, `birth_date`, `is_activated`, `email`, `password`, `phone_number`, `role_id`) VALUES (14, 'Michele', 'Walker', 'Hilll', '1975-04-14', 0, 'hilton16@example.net', 'a789500fcb729788a6a52a14fa3331b5c223b620', '1-161-574-5860x921', 1);
INSERT INTO `user` (`uid`, `firstname`, `surname`, `patronymic`, `birth_date`, `is_activated`, `email`, `password`, `phone_number`, `role_id`) VALUES (15, 'Bethel', 'Lesch', 'Kertzmann', '1988-02-13', 1, 'pearlie.lind@example.com', 'dbcc55c6d22ba7336e1f685ea018c75a48ba9cd4', '1-343-550-8613x7223', 1);
INSERT INTO `user` (`uid`, `firstname`, `surname`, `patronymic`, `birth_date`, `is_activated`, `email`, `password`, `phone_number`, `role_id`) VALUES (16, 'Chanelle', 'Mohr', 'Douglas', '1989-12-22', 0, 'lonzo.quigley@example.org', '1ccc88384f1280a0236f6da50c4faa5e8c5c2691', '315.378.4371x325', 1);
INSERT INTO `user` (`uid`, `firstname`, `surname`, `patronymic`, `birth_date`, `is_activated`, `email`, `password`, `phone_number`, `role_id`) VALUES (17, 'Jaycee', 'Jones', 'Muller', '1977-04-10', 1, 'anderson.amy@example.net', '9e1cc908806a14096c7c7ddfb776b2f9d5b37d9c', '561-859-3357x88981', 1);
INSERT INTO `user` (`uid`, `firstname`, `surname`, `patronymic`, `birth_date`, `is_activated`, `email`, `password`, `phone_number`, `role_id`) VALUES (18, 'Cruz', 'Schaden', 'Romaguera', '1992-04-19', 1, 'ijenkins@example.com', 'c4c25577ff4f288983a133682d37e078e5f8b346', '140-553-4396', 1);
INSERT INTO `user` (`uid`, `firstname`, `surname`, `patronymic`, `birth_date`, `is_activated`, `email`, `password`, `phone_number`, `role_id`) VALUES (19, 'Annie', 'Hessel', 'Greenfelder', '1972-06-02', 1, 'melba74@example.net', '61478c9da13ee87fbb433dba341fc099d04da8a6', '(653)322-2718x828', 1);
INSERT INTO `user` (`uid`, `firstname`, `surname`, `patronymic`, `birth_date`, `is_activated`, `email`, `password`, `phone_number`, `role_id`) VALUES (20, 'Emmet', 'Murazik', 'Hoeger', '1975-01-23', 0, 'lesly.romaguera@example.org', '71c4f07cbd5ff625790833f66e0c68e40e4222f2', '(994)693-5464x6918', 1);
INSERT INTO `user` (`uid`, `firstname`, `surname`, `patronymic`, `birth_date`, `is_activated`, `email`, `password`, `phone_number`, `role_id`) VALUES (21, 'Elisabeth', 'Boyle', 'Dickinson', '1980-09-21', 1, 'ulang@example.org', '7d7326914f57f730147f368ca6aa1bf582d39092', '863-034-5838x26825', 1);
INSERT INTO `user` (`uid`, `firstname`, `surname`, `patronymic`, `birth_date`, `is_activated`, `email`, `password`, `phone_number`, `role_id`) VALUES (22, 'Kailee', 'Hermiston', 'Aufderhar', '1987-01-12', 0, 'thad51@example.org', 'ca291539c2ae17167866dce081b6c755294f8ba8', '1-931-402-0868', 1);
INSERT INTO `user` (`uid`, `firstname`, `surname`, `patronymic`, `birth_date`, `is_activated`, `email`, `password`, `phone_number`, `role_id`) VALUES (23, 'Jesse', 'Wuckert', 'Hammes', '1983-07-30', 1, 'arden51@example.net', 'd2e4c8c2a7afa1c145e584f0adc43ed3781a3059', '176.490.1707', 1);
INSERT INTO `user` (`uid`, `firstname`, `surname`, `patronymic`, `birth_date`, `is_activated`, `email`, `password`, `phone_number`, `role_id`) VALUES (24, 'Patrick', 'Wisoky', 'Dare', '1999-02-04', 1, 'myrna08@example.com', 'ab8a99299c61ba36a78899ca15db4cf4c1886895', '+60(4)5367208258', 1);
INSERT INTO `user` (`uid`, `firstname`, `surname`, `patronymic`, `birth_date`, `is_activated`, `email`, `password`, `phone_number`, `role_id`) VALUES (25, 'Laurianne', 'Luettgen', 'Bode', '1985-12-13', 0, 'larkin.nathaniel@example.com', '9d502e66fd85c95368fcbb0bd974e06c3e74f8a6', '784.400.0096', 1);
INSERT INTO `user` (`uid`, `firstname`, `surname`, `patronymic`, `birth_date`, `is_activated`, `email`, `password`, `phone_number`, `role_id`) VALUES (26, 'Erin', 'Bartell', 'Boyle', '1972-10-16', 1, 'jorge66@example.net', 'abad1bff8d97eea6781a94f41f7c8d1bee7eef64', '04367042270', 1);
INSERT INTO `user` (`uid`, `firstname`, `surname`, `patronymic`, `birth_date`, `is_activated`, `email`, `password`, `phone_number`, `role_id`) VALUES (27, 'Madaline', 'Parisian', 'Kohler', '1979-10-01', 0, 'altenwerth.tyrique@example.org', '7e2e15f33e47205823de5e53777858d4915b5ffb', '733-513-6931x00067', 1);
INSERT INTO `user` (`uid`, `firstname`, `surname`, `patronymic`, `birth_date`, `is_activated`, `email`, `password`, `phone_number`, `role_id`) VALUES (28, 'Brycen', 'Ryan', 'Steuber', '1995-01-01', 1, 'rschmidt@example.org', '7a18bdc09b9d74babba75151c32c78de652383a6', '+84(5)3425338282', 1);
INSERT INTO `user` (`uid`, `firstname`, `surname`, `patronymic`, `birth_date`, `is_activated`, `email`, `password`, `phone_number`, `role_id`) VALUES (29, 'Daphney', 'Mueller', 'Haley', '2002-11-15', 1, 'bdooley@example.org', '2c05a98409c751438d9da3eea4205541fae32d44', '457-510-5290', 1);
INSERT INTO `user` (`uid`, `firstname`, `surname`, `patronymic`, `birth_date`, `is_activated`, `email`, `password`, `phone_number`, `role_id`) VALUES (30, 'Meda', 'Pfannerstill', 'Bednar', '1998-05-17', 0, 'cstamm@example.com', 'c0be14a4160b8bf9fc48f648308d7425d37c5955', '(424)002-5179', 1);
INSERT INTO `user` (`uid`, `firstname`, `surname`, `patronymic`, `birth_date`, `is_activated`, `email`, `password`, `phone_number`, `role_id`) VALUES (31, 'Dale', 'Herzog', 'Walter', '1984-06-16', 0, 'ida.kassulke@example.org', 'f975c16b094dcb7f6a08ad7138b0c60918f5e771', '1-000-175-6222', 1);
INSERT INTO `user` (`uid`, `firstname`, `surname`, `patronymic`, `birth_date`, `is_activated`, `email`, `password`, `phone_number`, `role_id`) VALUES (32, 'Dariana', 'Armstrong', 'Turner', '1974-12-03', 1, 'pbeer@example.com', '6673d95d0c67b2ec65764992a304422ef83a5318', '1-387-970-4235', 1);
INSERT INTO `user` (`uid`, `firstname`, `surname`, `patronymic`, `birth_date`, `is_activated`, `email`, `password`, `phone_number`, `role_id`) VALUES (33, 'Jasen', 'Pfannerstill', 'Ondricka', '1972-08-16', 1, 'milan.schuster@example.com', '2915e87311be510de9ea6f336b5218f964109063', '1-854-586-8876', 1);
INSERT INTO `user` (`uid`, `firstname`, `surname`, `patronymic`, `birth_date`, `is_activated`, `email`, `password`, `phone_number`, `role_id`) VALUES (34, 'Horace', 'Pfeffer', 'Rempel', '1992-01-22', 0, 'rwilliamson@example.net', 'afd8f9ebdaf146b380570f0aecf26b8ba9ea631d', '627-526-1389x98151', 1);
INSERT INTO `user` (`uid`, `firstname`, `surname`, `patronymic`, `birth_date`, `is_activated`, `email`, `password`, `phone_number`, `role_id`) VALUES (35, 'Aylin', 'Macejkovic', 'Gerlach', '1993-03-03', 0, 'greenfelder.madge@example.net', '8fd7f8ccb040b4d9210256eea1f97a660eaa0591', '374.246.1740x5102', 1);
INSERT INTO `user` (`uid`, `firstname`, `surname`, `patronymic`, `birth_date`, `is_activated`, `email`, `password`, `phone_number`, `role_id`) VALUES (36, 'Hannah', 'Rowe', 'Welch', '1972-09-29', 0, 'cassin.lila@example.org', 'd7dead91a80a8d2227036f1e308e715057954b8b', '+27(9)5538803391', 1);
INSERT INTO `user` (`uid`, `firstname`, `surname`, `patronymic`, `birth_date`, `is_activated`, `email`, `password`, `phone_number`, `role_id`) VALUES (37, 'Hallie', 'Sawayn', 'Medhurst', '1991-11-08', 1, 'thad95@example.org', '3ba0b6e9692361c03a028aab905bd8c0f849ff6d', '655.411.5416x448', 1);
INSERT INTO `user` (`uid`, `firstname`, `surname`, `patronymic`, `birth_date`, `is_activated`, `email`, `password`, `phone_number`, `role_id`) VALUES (38, 'Malvina', 'Ferry', 'Willms', '1973-12-26', 1, 'samantha44@example.com', 'f3315033a5b2849efa2c0d802c272e441b3c39a6', '(305)687-5929x9632', 1);
INSERT INTO `user` (`uid`, `firstname`, `surname`, `patronymic`, `birth_date`, `is_activated`, `email`, `password`, `phone_number`, `role_id`) VALUES (39, 'Alvah', 'Gleason', 'Stroman', '1977-05-10', 0, 'oreilly.alessandra@example.org', 'fe206385bc3d53aee43a66b2b3c616b1f4ce758c', '(321)316-1085', 1);
INSERT INTO `user` (`uid`, `firstname`, `surname`, `patronymic`, `birth_date`, `is_activated`, `email`, `password`, `phone_number`, `role_id`) VALUES (40, 'Pattie', 'Hackett', 'Conroy', '2002-04-17', 0, 'janet79@example.net', 'f6b48e202440d55f79e51989dd3591b81e4e8034', '(408)840-8804x922', 1);
INSERT INTO `user` (`uid`, `firstname`, `surname`, `patronymic`, `birth_date`, `is_activated`, `email`, `password`, `phone_number`, `role_id`) VALUES (41, 'Israel', 'Medhurst', 'Toy', '1988-01-07', 1, 'ratke.susanna@example.net', '07a76c2807a3ad561dadea9de27734680b8d276c', '(992)519-9227x259', 1);
INSERT INTO `user` (`uid`, `firstname`, `surname`, `patronymic`, `birth_date`, `is_activated`, `email`, `password`, `phone_number`, `role_id`) VALUES (42, 'Pierre', 'Jakubowski', 'Bogan', '1977-09-27', 0, 'ruby.smith@example.net', '1836a4a316f1d85542290368c99a90315a7b65ea', '263-890-4128x336', 1);
INSERT INTO `user` (`uid`, `firstname`, `surname`, `patronymic`, `birth_date`, `is_activated`, `email`, `password`, `phone_number`, `role_id`) VALUES (43, 'Maeve', 'Schimmel', 'Ullrich', '2000-03-16', 1, 'bechtelar.alvena@example.net', '067b698ec6c927b561d7ed8bd9fdadcb139920bb', '(244)530-9533', 1);
INSERT INTO `user` (`uid`, `firstname`, `surname`, `patronymic`, `birth_date`, `is_activated`, `email`, `password`, `phone_number`, `role_id`) VALUES (44, 'Destany', 'Murphy', 'Johns', '1975-08-05', 0, 'pfannerstill.kiana@example.com', 'ea91757a042997e26783307b026c149df4a1c7af', '498-555-9101x588', 1);
INSERT INTO `user` (`uid`, `firstname`, `surname`, `patronymic`, `birth_date`, `is_activated`, `email`, `password`, `phone_number`, `role_id`) VALUES (45, 'Filiberto', 'DAmore', 'Collier', '1979-05-04', 1, 'bashirian.jovani@example.org', 'bd6c9b4901375218b15db863e6af7570eee8c964', '1-654-717-1707x7044', 1);
INSERT INTO `user` (`uid`, `firstname`, `surname`, `patronymic`, `birth_date`, `is_activated`, `email`, `password`, `phone_number`, `role_id`) VALUES (46, 'Alberto', 'Rippin', 'Mertz', '1982-01-17', 0, 'runte.isabelle@example.net', 'd93606f541491dd9b78754d62b0c5da53ad73029', '+93(7)0955417207', 1);
INSERT INTO `user` (`uid`, `firstname`, `surname`, `patronymic`, `birth_date`, `is_activated`, `email`, `password`, `phone_number`, `role_id`) VALUES (47, 'Van', 'Mohr', 'Gorczany', '1999-09-26', 1, 'medhurst.mara@example.net', '6d175f1b4d6d100670bc29f11fb7ce00b52737de', '168-469-2686x6481', 1);
INSERT INTO `user` (`uid`, `firstname`, `surname`, `patronymic`, `birth_date`, `is_activated`, `email`, `password`, `phone_number`, `role_id`) VALUES (48, 'Hassie', 'Runte', 'Anderson', '1972-01-22', 1, 'chauncey56@example.org', '62e37ad05ff93ef9d575c0a4934f0005b28fad10', '(780)721-6170', 1);
INSERT INTO `user` (`uid`, `firstname`, `surname`, `patronymic`, `birth_date`, `is_activated`, `email`, `password`, `phone_number`, `role_id`) VALUES (49, 'Brandyn', 'Cassin', 'Schmitt', '1985-06-24', 0, 'wyman55@example.com', '7d9c35b80e14b3031ab3491c111c8a8b10b56d2e', '023-070-5308x42234', 1);
INSERT INTO `user` (`uid`, `firstname`, `surname`, `patronymic`, `birth_date`, `is_activated`, `email`, `password`, `phone_number`, `role_id`) VALUES (50, 'Germaine', 'Zulauf', 'Mraz', '1981-11-04', 1, 'ruthie67@example.org', 'c2ef0f4baa48024c21c0b09589e8c70e6dfef140', '(832)879-5281', 1);
INSERT INTO `user` (`uid`, `firstname`, `surname`, `patronymic`, `birth_date`, `is_activated`, `email`, `password`, `phone_number`, `role_id`) VALUES (51, 'Dillon', 'Gorczany', 'Nienow', '1984-10-29', 0, 'alison.kuphal@example.org', '471af3f6d58eeecb4a33be58541cb1614c4fafb0', '257-387-2589x115', 1);
INSERT INTO `user` (`uid`, `firstname`, `surname`, `patronymic`, `birth_date`, `is_activated`, `email`, `password`, `phone_number`, `role_id`) VALUES (52, 'Chaya', 'Medhurst', 'Hessel', '1973-09-23', 1, 'iwaters@example.com', 'c988e62bc81b3c4e1261b9e1bff133adbd12f47f', '(312)913-0382x565', 1);
INSERT INTO `user` (`uid`, `firstname`, `surname`, `patronymic`, `birth_date`, `is_activated`, `email`, `password`, `phone_number`, `role_id`) VALUES (53, 'Libby', 'Kris', 'Lesch', '1978-10-23', 0, 'farrell.rylee@example.net', 'e104fd09c84929d836a0187ca2ea924af8860c32', '+41(6)4991483782', 1);
INSERT INTO `user` (`uid`, `firstname`, `surname`, `patronymic`, `birth_date`, `is_activated`, `email`, `password`, `phone_number`, `role_id`) VALUES (54, 'Johnathan', 'Pfeffer', 'Skiles', '1971-10-16', 0, 'henri.cummings@example.com', '6044108e489f87c59b1bd691f5c3217e3d0fea4c', '(240)402-9722', 1);
INSERT INTO `user` (`uid`, `firstname`, `surname`, `patronymic`, `birth_date`, `is_activated`, `email`, `password`, `phone_number`, `role_id`) VALUES (55, 'Pedro', 'Dickinson', 'Davis', '1985-07-30', 1, 'lwhite@example.com', '196b8cbfc0bf4bdae70e6f1a03763267c0a260f6', '(310)386-3504', 1);
INSERT INTO `user` (`uid`, `firstname`, `surname`, `patronymic`, `birth_date`, `is_activated`, `email`, `password`, `phone_number`, `role_id`) VALUES (56, 'Willy', 'Adams', 'Metz', '1987-06-22', 0, 'stroman.watson@example.com', 'ee0dc826ca316f78e1a7b39ad2e69477f712c63d', '1-229-074-5090', 1);
INSERT INTO `user` (`uid`, `firstname`, `surname`, `patronymic`, `birth_date`, `is_activated`, `email`, `password`, `phone_number`, `role_id`) VALUES (57, 'Abel', 'Feil', 'Farrell', '1993-04-01', 1, 'wlegros@example.org', '260fbb6efdd027e7694f64bc007da676db74cddd', '(115)117-3385x55257', 1);
INSERT INTO `user` (`uid`, `firstname`, `surname`, `patronymic`, `birth_date`, `is_activated`, `email`, `password`, `phone_number`, `role_id`) VALUES (58, 'Jerrell', 'Mann', 'Greenholt', '1996-06-23', 0, 'garry.harris@example.org', '976ce2815b60494574cadf5f8cb6277775a0671a', '944.045.2904', 1);
INSERT INTO `user` (`uid`, `firstname`, `surname`, `patronymic`, `birth_date`, `is_activated`, `email`, `password`, `phone_number`, `role_id`) VALUES (59, 'Nicolas', 'Pollich', 'Abshire', '1987-12-17', 0, 'monahan.cortez@example.net', '59225fd58cc2fd08f7faf3176556eec01aaac408', '256-674-2263x069', 1);
INSERT INTO `user` (`uid`, `firstname`, `surname`, `patronymic`, `birth_date`, `is_activated`, `email`, `password`, `phone_number`, `role_id`) VALUES (60, 'Morgan', 'Goyette', 'Hodkiewicz', '1995-07-15', 0, 'stark.reina@example.net', '258d963eea4c7219dc59c3dd97b3bfc5d277fc26', '(143)213-4726', 1);
INSERT INTO `user` (`uid`, `firstname`, `surname`, `patronymic`, `birth_date`, `is_activated`, `email`, `password`, `phone_number`, `role_id`) VALUES (61, 'Jacynthe', 'Considine', 'Corwin', '1993-12-26', 1, 'nakia.grady@example.com', '6f6bc747e3c9b51c224761d81b8ba9114e3c1b52', '900.789.5413', 1);
INSERT INTO `user` (`uid`, `firstname`, `surname`, `patronymic`, `birth_date`, `is_activated`, `email`, `password`, `phone_number`, `role_id`) VALUES (62, 'Laurence', 'Gleichner', 'Carroll', '1992-06-01', 0, 'stoltenberg.lysanne@example.net', '3bbe05e55ff9d15db7398b4f8eb748ebe5d83e2a', '899.915.3520x84454', 1);
INSERT INTO `user` (`uid`, `firstname`, `surname`, `patronymic`, `birth_date`, `is_activated`, `email`, `password`, `phone_number`, `role_id`) VALUES (63, 'Thora', 'Wolff', 'Parker', '2002-01-28', 0, 'jairo.quigley@example.org', '96555caba11e3bcb5b7d6f5bb6815678ba9b104f', '536-587-5050', 1);
INSERT INTO `user` (`uid`, `firstname`, `surname`, `patronymic`, `birth_date`, `is_activated`, `email`, `password`, `phone_number`, `role_id`) VALUES (64, 'Cyrus', 'Simonis', 'Connelly', '1985-04-04', 0, 'martine66@example.org', '360333ba50e8a4b2854471ccf27ab2193d9120ee', '04054356121', 1);
INSERT INTO `user` (`uid`, `firstname`, `surname`, `patronymic`, `birth_date`, `is_activated`, `email`, `password`, `phone_number`, `role_id`) VALUES (65, 'Izabella', 'Boyle', 'Adams', '1997-09-17', 1, 'darius79@example.com', '3690a1b6311518e7379c3df96076499bd0799307', '210-957-0802', 1);
INSERT INTO `user` (`uid`, `firstname`, `surname`, `patronymic`, `birth_date`, `is_activated`, `email`, `password`, `phone_number`, `role_id`) VALUES (66, 'Hazel', 'Ondricka', 'Runolfsdottir', '1982-03-23', 1, 'xgoodwin@example.com', 'a925767688bd4bb9829cd3cfb0305543fd78164b', '1-085-560-0101', 1);
INSERT INTO `user` (`uid`, `firstname`, `surname`, `patronymic`, `birth_date`, `is_activated`, `email`, `password`, `phone_number`, `role_id`) VALUES (67, 'Orval', 'Hudson', 'Kerluke', '1973-04-12', 1, 'manuel.harris@example.org', 'a619249c7f4945567a27e0bc166add970bffb647', '642-965-5778', 1);
INSERT INTO `user` (`uid`, `firstname`, `surname`, `patronymic`, `birth_date`, `is_activated`, `email`, `password`, `phone_number`, `role_id`) VALUES (68, 'Eugenia', 'Jaskolski', 'Hand', '1986-01-17', 1, 'madyson.hartmann@example.com', 'cc02e2fb0e819718214bb7dbfa66ec6822396203', '1-254-908-0704x91142', 1);
INSERT INTO `user` (`uid`, `firstname`, `surname`, `patronymic`, `birth_date`, `is_activated`, `email`, `password`, `phone_number`, `role_id`) VALUES (69, 'Modesta', 'Wehner', 'Pagac', '2001-12-27', 1, 'tbrown@example.net', 'b614ab20d46eb517f98e6aa36779dc1108b1b288', '081-811-8974x1476', 1);
INSERT INTO `user` (`uid`, `firstname`, `surname`, `patronymic`, `birth_date`, `is_activated`, `email`, `password`, `phone_number`, `role_id`) VALUES (70, 'Jerrell', 'Wunsch', 'Bins', '1980-11-24', 0, 'ben68@example.net', 'fa826a453c1a6cdb722def7ba295d3e588e990c1', '334.442.8972x028', 1);
INSERT INTO `user` (`uid`, `firstname`, `surname`, `patronymic`, `birth_date`, `is_activated`, `email`, `password`, `phone_number`, `role_id`) VALUES (71, 'Monte', 'Corwin', 'White', '2000-11-07', 0, 'cassin.annamae@example.net', '36f10617db89fe3d97cfe0e60613e02276f80760', '+23(4)1590278173', 1);
INSERT INTO `user` (`uid`, `firstname`, `surname`, `patronymic`, `birth_date`, `is_activated`, `email`, `password`, `phone_number`, `role_id`) VALUES (72, 'Eugene', 'Dickinson', 'Monahan', '1983-11-20', 1, 'claudie.bashirian@example.com', 'b64725a31b26f965dd189ca8763a005511b84c14', '534.682.5722x180', 1);
INSERT INTO `user` (`uid`, `firstname`, `surname`, `patronymic`, `birth_date`, `is_activated`, `email`, `password`, `phone_number`, `role_id`) VALUES (73, 'Jeremy', 'Bayer', 'Nolan', '1973-04-13', 1, 'lolita.sanford@example.net', '88f4f62d7ddebf331acff6c5b764d4edc580efb6', '08353333114', 1);
INSERT INTO `user` (`uid`, `firstname`, `surname`, `patronymic`, `birth_date`, `is_activated`, `email`, `password`, `phone_number`, `role_id`) VALUES (74, 'Douglas', 'Keebler', 'Kunde', '1998-09-16', 1, 'riley.muller@example.net', '9880a14945af91723ff8e4725a8db4c5d59a0a8b', '09591422916', 1);
INSERT INTO `user` (`uid`, `firstname`, `surname`, `patronymic`, `birth_date`, `is_activated`, `email`, `password`, `phone_number`, `role_id`) VALUES (75, 'Kirsten', 'Wiegand', 'Nienow', '1990-11-09', 1, 'roberto.bogisich@example.org', 'f5c555192e57f54d35ab1c33d96f655d591b931d', '+20(7)9536140877', 1);
INSERT INTO `user` (`uid`, `firstname`, `surname`, `patronymic`, `birth_date`, `is_activated`, `email`, `password`, `phone_number`, `role_id`) VALUES (76, 'Arielle', 'Kemmer', 'Hilpert', '1992-07-08', 0, 'hollie89@example.net', '6c2d4a40c81796d470e3cd64399b679e88adb595', '693.218.1617', 1);
INSERT INTO `user` (`uid`, `firstname`, `surname`, `patronymic`, `birth_date`, `is_activated`, `email`, `password`, `phone_number`, `role_id`) VALUES (77, 'Danny', 'Glover', 'Bartoletti', '1991-09-05', 0, 'aaliyah.vonrueden@example.org', 'a5c58c39b5a9eefdbc2a32b04066612145d0cec1', '1-620-205-2053x26086', 1);
INSERT INTO `user` (`uid`, `firstname`, `surname`, `patronymic`, `birth_date`, `is_activated`, `email`, `password`, `phone_number`, `role_id`) VALUES (78, 'Nicholaus', 'Grimes', 'Reichert', '1988-12-07', 0, 'alexandre84@example.org', '8af5354feb22a2ee7dd7b7fcdc4708e8c8b6659d', '1-938-249-7885x8640', 1);
INSERT INTO `user` (`uid`, `firstname`, `surname`, `patronymic`, `birth_date`, `is_activated`, `email`, `password`, `phone_number`, `role_id`) VALUES (79, 'London', 'Feeney', 'Nicolas', '1970-07-21', 0, 'jmuller@example.org', '234de036a899173f915723c5fbc15b440e4e011c', '+45(2)4468344359', 1);
INSERT INTO `user` (`uid`, `firstname`, `surname`, `patronymic`, `birth_date`, `is_activated`, `email`, `password`, `phone_number`, `role_id`) VALUES (80, 'Lia', 'Paucek', 'Hegmann', '1973-08-28', 1, 'opal54@example.com', '5222a0f5ecee0f6d0db9c11a57b2402d5e454a40', '07330871769', 1);
INSERT INTO `user` (`uid`, `firstname`, `surname`, `patronymic`, `birth_date`, `is_activated`, `email`, `password`, `phone_number`, `role_id`) VALUES (81, 'Geraldine', 'Kunde', 'Carter', '1974-10-28', 1, 'qlang@example.net', 'eb919d04a3a37665dba15be52df1a13e50396238', '061.462.0455', 1);
INSERT INTO `user` (`uid`, `firstname`, `surname`, `patronymic`, `birth_date`, `is_activated`, `email`, `password`, `phone_number`, `role_id`) VALUES (82, 'Duane', 'Schneider', 'Kuhic', '1986-04-22', 1, 'wehner.reina@example.com', 'b3e2b8f74ca6b80a9141a7f5945a249439e76541', '1-514-518-6087', 1);
INSERT INTO `user` (`uid`, `firstname`, `surname`, `patronymic`, `birth_date`, `is_activated`, `email`, `password`, `phone_number`, `role_id`) VALUES (83, 'Oda', 'Miller', 'OKeefe', '1988-06-12', 1, 'kozey.fausto@example.com', '5bfdb45996d9229dca60126f213ac4499b6d7bf5', '1-813-534-8309x081', 1);
INSERT INTO `user` (`uid`, `firstname`, `surname`, `patronymic`, `birth_date`, `is_activated`, `email`, `password`, `phone_number`, `role_id`) VALUES (84, 'Cyrus', 'Turcotte', 'Littel', '1974-07-27', 1, 'haylee66@example.com', '4cdf517a511ebc1d343c7eb8668a1d62b913f66e', '(556)003-9930x572', 1);
INSERT INTO `user` (`uid`, `firstname`, `surname`, `patronymic`, `birth_date`, `is_activated`, `email`, `password`, `phone_number`, `role_id`) VALUES (85, 'Yvonne', 'Graham', 'Greenfelder', '1988-03-06', 0, 'thompson.pearline@example.com', 'b086ee01a076f45ee56e35fd29e07f4cdda5081d', '08545596804', 1);
INSERT INTO `user` (`uid`, `firstname`, `surname`, `patronymic`, `birth_date`, `is_activated`, `email`, `password`, `phone_number`, `role_id`) VALUES (86, 'Willy', 'Durgan', 'Schneider', '1987-07-29', 0, 'amaggio@example.net', '6d370e6d1e44c3bc2a86b0a41881e6e62d2d5fa4', '958.113.4647x42211', 1);
INSERT INTO `user` (`uid`, `firstname`, `surname`, `patronymic`, `birth_date`, `is_activated`, `email`, `password`, `phone_number`, `role_id`) VALUES (87, 'Tito', 'Torphy', 'Corkery', '1986-05-19', 1, 'maggio.tommie@example.com', '8974f949f4298278fca6c89fb61c21317193f128', '201.538.2345', 1);
INSERT INTO `user` (`uid`, `firstname`, `surname`, `patronymic`, `birth_date`, `is_activated`, `email`, `password`, `phone_number`, `role_id`) VALUES (88, 'Seth', 'Jacobi', 'Sanford', '2000-04-01', 0, 'mclaughlin.alena@example.net', '64a690787500a8dd2b79c69917e97e6a546d9bed', '03529657697', 1);
INSERT INTO `user` (`uid`, `firstname`, `surname`, `patronymic`, `birth_date`, `is_activated`, `email`, `password`, `phone_number`, `role_id`) VALUES (89, 'Kurt', 'Cummings', 'Murazik', '1985-10-08', 0, 'stefan.leuschke@example.net', '50eb8d13e340e33fb14184d403b07097797dac8f', '968.617.7863', 1);
INSERT INTO `user` (`uid`, `firstname`, `surname`, `patronymic`, `birth_date`, `is_activated`, `email`, `password`, `phone_number`, `role_id`) VALUES (90, 'Liliana', 'Williamson', 'Kunze', '1988-04-06', 0, 'laurie.rolfson@example.net', '3791061569c411a51ade46ed7259c3fb1ef35565', '1-882-464-6691', 1);
INSERT INTO `user` (`uid`, `firstname`, `surname`, `patronymic`, `birth_date`, `is_activated`, `email`, `password`, `phone_number`, `role_id`) VALUES (91, 'Isidro', 'Waters', 'Hayes', '1993-09-28', 0, 'orrin51@example.net', '9b99166bcbd82edb1c5a69b3cd4f707a773bc17c', '050.304.9382', 1);
INSERT INTO `user` (`uid`, `firstname`, `surname`, `patronymic`, `birth_date`, `is_activated`, `email`, `password`, `phone_number`, `role_id`) VALUES (92, 'Terrill', 'Connelly', 'Kutch', '1975-06-14', 1, 'scottie08@example.net', '14759e4ff693fb8dc5c340429042864617ede214', '1-642-251-5815x3807', 1);
INSERT INTO `user` (`uid`, `firstname`, `surname`, `patronymic`, `birth_date`, `is_activated`, `email`, `password`, `phone_number`, `role_id`) VALUES (93, 'Dixie', 'Sipes', 'McClure', '2002-10-12', 0, 'jasper09@example.org', '5103cfdbcf1ea0a0aa9d3d226cf6305130b604be', '432-367-5397x90650', 1);
INSERT INTO `user` (`uid`, `firstname`, `surname`, `patronymic`, `birth_date`, `is_activated`, `email`, `password`, `phone_number`, `role_id`) VALUES (94, 'Abe', 'Fisher', 'Stark', '1986-06-25', 0, 'jcrist@example.net', 'd7e862de6713e1b6631184c458ba56c0b6a052d5', '1-007-489-9168', 1);
INSERT INTO `user` (`uid`, `firstname`, `surname`, `patronymic`, `birth_date`, `is_activated`, `email`, `password`, `phone_number`, `role_id`) VALUES (95, 'Sophie', 'Cassin', 'Stokes', '1988-07-30', 1, 'stillman@example.org', '8dc78cbd4aea3be435d5cf5bf0f599b998a6e4d2', '1-444-706-8060x4337', 1);
INSERT INTO `user` (`uid`, `firstname`, `surname`, `patronymic`, `birth_date`, `is_activated`, `email`, `password`, `phone_number`, `role_id`) VALUES (96, 'Jackie', 'Cremin', 'Osinski', '1999-02-14', 0, 'kariane55@example.net', 'eee92fcd6e5fc9979f2867ad5951cfb9e25b0ef2', '051.350.0389x9862', 1);
INSERT INTO `user` (`uid`, `firstname`, `surname`, `patronymic`, `birth_date`, `is_activated`, `email`, `password`, `phone_number`, `role_id`) VALUES (97, 'Jennifer', 'Morar', 'Zieme', '1971-03-22', 0, 'swaniawski.mayra@example.org', 'c0394b668e8472f2e4cc8f5334b6e37aaa51ab82', '709.070.0141x2399', 1);
INSERT INTO `user` (`uid`, `firstname`, `surname`, `patronymic`, `birth_date`, `is_activated`, `email`, `password`, `phone_number`, `role_id`) VALUES (98, 'Corbin', 'Conroy', 'Armstrong', '1997-11-28', 0, 'shakira45@example.org', '9881b9a93539ddee1c18c2a8fc459889ff704bea', '(651)110-3513x06055', 1);
INSERT INTO `user` (`uid`, `firstname`, `surname`, `patronymic`, `birth_date`, `is_activated`, `email`, `password`, `phone_number`, `role_id`) VALUES (99, 'Vicenta', 'Schumm', 'Huel', '1977-09-29', 1, 'lmurray@example.net', '476a2ce5873978b128696e313bc6cd5c8094b6a6', '525.984.7866', 1);
INSERT INTO `user` (`uid`, `firstname`, `surname`, `patronymic`, `birth_date`, `is_activated`, `email`, `password`, `phone_number`, `role_id`) VALUES (100, 'Sandra', 'Rutherford', 'Johnson', '1997-04-27', 0, 'leffler.christ@example.net', '676f0dd5e001b1afbf660bdcbb2e1341f1f2c071', '1-482-195-2125x83719', 1);

insert  into user (firstname, surname, patronymic, birth_date, is_activated, email, password, phone_number, role_id) values ('Julia', 'Aleksandrova', 'Really', '1999-01-08', TRUE, 'admin@gmail.com', 'admin','0964521233',2);

insert  into user (firstname, surname, patronymic, birth_date, is_activated, email, password, phone_number, role_id) values ('Julia', 'Aleksandrova', 'Really', '1999-01-08', TRUE, 'julia@gmail.com', 'julia','233223233',1);



INSERT INTO `product` (`uid`, `product_name`, `product_description`, `price`, `photo`, `is_available`) VALUES (1, 'Bracelet CLAW with rose quartz', 'CLAW silver bracelet is beautiful and sharp with the two stones that nearly meet. The bracelet is comfortable to wear as it cannot turn around with its oval shape. The bracelet is easy to put on as it has a hinge that flips open and close, smart. \n The rose quartz exists in various pink nuances, from light pink to dark and all stones are different.  The stone shines and sparkles very nicely in the light. It exists in another three stones: smokey quartz, onyx, and quartz. ', 1299, 'https://quickbutik.imgix.net/2482K/products/5e4123ba71b6d.jpeg', 1);
INSERT INTO `product` (`uid`, `product_name`, `product_description`, `price`, `photo`, `is_available`) VALUES (2, 'Sterling Silver Rose Quartz Bracelet', 'Natural rose quartz is often a very pale pink. The stronger the pink color, the more valuable most consider it, though metaphysically the paler pinks are equally valuable. \n In the psychic and spiritual realms, rose quartz is often used to attract love, for love spells and charms. Rose quartz can also be helpful for dream recall and dream work. Emotionally, rose quartz is used to balance emotions and bring peace and calm. Fear, resentments, and anger can be removed.', 499, 'https://i0.wp.com/www.laurelnymph.com/wp-content/uploads/2017/05/rose-quartz-bracelet-silver-cuff-dangle-chain-sterling-925-handmade-gemstone-gothic-dark-antique-vintage-jewelry-5914c8021.jpg?fit=1500%2C1112&ssl=1', 1);
INSERT INTO `product` (`uid`, `product_name`, `product_description`, `price`, `photo`, `is_available`) VALUES (101,'tiny gold jewelry box', 'Tiny gold jewelry box for your things',400, 'https://images.freeimages.com/images/large-previews/8e6/tiny-gold-jewelry-box-1425092.jpg',1);
INSERT INTO `product` (`uid`, `product_name`, `product_description`, `price`, `photo`, `is_available`) VALUES (102,'shell pendant', 'Shell pendant for your voyages', 250, 'https://images.freeimages.com/images/large-previews/1a8/jewelry-series-1-1516743.jpg',1);
INSERT INTO `product` (`uid`, `product_name`, `product_description`, `price`, `photo`, `is_available`) VALUES (103,'bracelet', 'Bracelet', 300, 'https://images.freeimages.com/images/large-previews/033/bracelet-1529510.jpg',1);
INSERT INTO `product` (`uid`, `product_name`, `product_description`, `price`, `photo`, `is_available`) VALUES (104,'brown wrist watch', 'Wrist watch with a brown watchband', 1500, 'https://images.freeimages.com/images/large-previews/5c6/sri-watch-1-1198442.jpg',0);
INSERT INTO `product` (`uid`, `product_name`, `product_description`, `price`, `photo`, `is_available`) VALUES (105,'butterfly pendant', 'Pendant with a butterfly', 350, 'https://images.freeimages.com/images/large-previews/0d0/bijoux-1185254.jpg',1);
INSERT INTO `product` (`uid`, `product_name`, `product_description`, `price`, `photo`, `is_available`) VALUES (106,'ring with a green gemstone', 'Ring with a green gemstone', 1200, 'https://images.freeimages.com/images/large-previews/521/accessories-5-1426954.jpg',1);
INSERT INTO `product` (`uid`, `product_name`, `product_description`, `price`, `photo`, `is_available`) VALUES (107,'ring with a yellow gemstone', 'Ring with a yellow gemstone', 1600, 'https://images.freeimages.com/images/large-previews/abe/bracelet-1-1424771.jpg',0);
INSERT INTO `product` (`uid`, `product_name`, `product_description`, `price`, `photo`, `is_available`) VALUES (108,'violet bell', 'Violet bell', 150, 'https://images.freeimages.com/images/large-previews/6b9/purple-bell-1413716.jpg',1);
INSERT INTO `product` (`uid`, `product_name`, `product_description`, `price`, `photo`, `is_available`) VALUES (109,'yellow gloves', 'yellow gloves', 200, 'https://images.freeimages.com/images/large-previews/4c3/gloves-1421253.jpg',1);
INSERT INTO `product` (`uid`, `product_name`, `product_description`, `price`, `photo`, `is_available`) VALUES (110,'metal wrist watch','Wrist watch of metal', 5000, 'https://images.freeimages.com/images/large-previews/72b/hand-watch-1414683.jpg',1);
INSERT INTO `product` (`uid`, `product_name`, `product_description`, `price`, `photo`, `is_available`) VALUES (111,'red refrigerator', 'Red mini refrigerator', 4000, 'https://images.freeimages.com/images/large-previews/578/refrigerator-1195164.jpg',1);
INSERT INTO `product` (`uid`, `product_name`, `product_description`, `price`, `photo`, `is_available`) VALUES (112,'home stove', 'Home stove', 6000, 'https://images.freeimages.com/images/large-previews/b25/home-stove-1426468.jpg',1);
INSERT INTO `product` (`uid`, `product_name`, `product_description`, `price`, `photo`, `is_available`) VALUES (113,'iron', 'Iron', 1200, 'https://images.freeimages.com/images/large-previews/119/iron-1467058.jpg',0);
INSERT INTO `product` (`uid`, `product_name`, `product_description`, `price`, `photo`, `is_available`) VALUES (114,'vacuum cleaner', 'Vacuum cleaner', 3000, 'https://images.freeimages.com/images/large-previews/27d/vacuum-cleaner-1191384.jpg',1);
INSERT INTO `product` (`uid`, `product_name`, `product_description`, `price`, `photo`, `is_available`) VALUES (115,'lamp','Lamp with a candle', 350, 'https://images.freeimages.com/images/large-previews/111/lamp-1423564.jpg',0);
INSERT INTO `product` (`uid`, `product_name`, `product_description`, `price`, `photo`, `is_available`) VALUES (116,'plasma TV', 'Plasma TV', 8000, 'https://images.freeimages.com/images/large-previews/7c9/plasma-tv-1422857.jpg',1);
INSERT INTO `product` (`uid`, `product_name`, `product_description`, `price`, `photo`, `is_available`) VALUES (117,'washing machine', 'Washing machine', 7000,'https://images.freeimages.com/images/large-previews/027/washing-machine-1418432.jpg',0);
INSERT INTO `product` (`uid`, `product_name`, `product_description`, `price`, `photo`, `is_available`) VALUES (118,'golden earring', 'Golden earrings', 1000, 'https://images.freeimages.com/images/large-previews/324/golden-earring-4-1472393.jpg',0);
INSERT INTO `product` (`uid`, `product_name`, `product_description`, `price`, `photo`, `is_available`) VALUES (119,'retro boombox', 'Retro boombox', 1800, 'https://gratisography.com/thumbnails/gratisography-371-thumbnail.jpg',1);
INSERT INTO `product` (`uid`, `product_name`, `product_description`, `price`, `photo`, `is_available`) VALUES (120,'microwave oven', 'Microwave oven', 2300,'https://images.freeimages.com/images/large-previews/dca/microwave-oven-1-1413667.jpg',1);


INSERT INTO `product_category` (`category_id`, `product_id`) VALUES (1, 118);
INSERT INTO `product_category` (`category_id`, `product_id`) VALUES (1, 1);
INSERT INTO `product_category` (`category_id`, `product_id`) VALUES (1, 2);
INSERT INTO `product_category` (`category_id`, `product_id`) VALUES (1, 101);
INSERT INTO `product_category` (`category_id`, `product_id`) VALUES (1, 102);
INSERT INTO `product_category` (`category_id`, `product_id`) VALUES (1, 111);
INSERT INTO `product_category` (`category_id`, `product_id`) VALUES (1, 104);
INSERT INTO `product_category` (`category_id`, `product_id`) VALUES (1, 119);
INSERT INTO `product_category` (`category_id`, `product_id`) VALUES (1, 116);

INSERT INTO `product_category` (`category_id`, `product_id`) VALUES (4, 101);
INSERT INTO `product_category` (`category_id`, `product_id`) VALUES (4, 102);
INSERT INTO `product_category` (`category_id`, `product_id`) VALUES (4, 103);
INSERT INTO `product_category` (`category_id`, `product_id`) VALUES (4, 105);
INSERT INTO `product_category` (`category_id`, `product_id`) VALUES (4, 106);
INSERT INTO `product_category` (`category_id`, `product_id`) VALUES (4, 107);
INSERT INTO `product_category` (`category_id`, `product_id`) VALUES (4, 118);
INSERT INTO `product_category` (`category_id`, `product_id`) VALUES (4, 1);
INSERT INTO `product_category` (`category_id`, `product_id`) VALUES (4, 2);
INSERT INTO `product_category` (`category_id`, `product_id`) VALUES (3, 101);
INSERT INTO `product_category` (`category_id`, `product_id`) VALUES (3, 102);
INSERT INTO `product_category` (`category_id`, `product_id`) VALUES (3, 103);
INSERT INTO `product_category` (`category_id`, `product_id`) VALUES (3, 105);
INSERT INTO `product_category` (`category_id`, `product_id`) VALUES (3, 106);
INSERT INTO `product_category` (`category_id`, `product_id`) VALUES (3, 107);
INSERT INTO `product_category` (`category_id`, `product_id`) VALUES (3, 118);
INSERT INTO `product_category` (`category_id`, `product_id`) VALUES (3, 1);
INSERT INTO `product_category` (`category_id`, `product_id`) VALUES (3, 2);
INSERT INTO `product_category` (`category_id`, `product_id`) VALUES (6, 101);
INSERT INTO `product_category` (`category_id`, `product_id`) VALUES (6, 102);
INSERT INTO `product_category` (`category_id`, `product_id`) VALUES (6, 103);
INSERT INTO `product_category` (`category_id`, `product_id`) VALUES (6, 105);
INSERT INTO `product_category` (`category_id`, `product_id`) VALUES (6, 106);
INSERT INTO `product_category` (`category_id`, `product_id`) VALUES (6, 107);
INSERT INTO `product_category` (`category_id`, `product_id`) VALUES (6, 118);
INSERT INTO `product_category` (`category_id`, `product_id`) VALUES (6, 1);
INSERT INTO `product_category` (`category_id`, `product_id`) VALUES (6, 2);

INSERT INTO `product_category` (`category_id`, `product_id`) VALUES (5, 2);

INSERT INTO `product_category` (`category_id`, `product_id`) VALUES (11, 101);
INSERT INTO `product_category` (`category_id`, `product_id`) VALUES (11, 118);

INSERT INTO `product_category` (`category_id`, `product_id`) VALUES (8, 117);
INSERT INTO `product_category` (`category_id`, `product_id`) VALUES (8, 120);
INSERT INTO `product_category` (`category_id`, `product_id`) VALUES (8, 114);
INSERT INTO `product_category` (`category_id`, `product_id`) VALUES (8, 115);
INSERT INTO `product_category` (`category_id`, `product_id`) VALUES (8, 113);
INSERT INTO `product_category` (`category_id`, `product_id`) VALUES (8, 112);
INSERT INTO `product_category` (`category_id`, `product_id`) VALUES (8, 111);

INSERT INTO `product_category` (`category_id`, `product_id`) VALUES (7, 104);
INSERT INTO `product_category` (`category_id`, `product_id`) VALUES (7, 119);
INSERT INTO `product_category` (`category_id`, `product_id`) VALUES (7, 116);


INSERT INTO `product_category` (`category_id`, `product_id`) VALUES (9, 104);
INSERT INTO `product_category` (`category_id`, `product_id`) VALUES (9, 110);

INSERT INTO `product_category` (`category_id`, `product_id`) VALUES (10, 108);


/*generated*/
INSERT INTO `product` (`uid`, `product_name`, `product_description`, `price`, `photo`, `is_available`) VALUES (88, 'neque', 'Sed non vel eos fuga. Ut doloremque aperiam incidunt voluptatum saepe tempora. Architecto et tempore assumenda quod hic.', 264, '', 1);
INSERT INTO `product` (`uid`, `product_name`, `product_description`, `price`, `photo`, `is_available`) VALUES (89, 'ea', 'Nihil non et unde molestias recusandae ea a. Ad mollitia dolor tenetur. Quis quasi aut eligendi error. Et maiores ipsam dolorem necessitatibus.', 41, '', 1);
INSERT INTO `product` (`uid`, `product_name`, `product_description`, `price`, `photo`, `is_available`) VALUES (90, 'consequatur', 'Omnis recusandae fugiat est qui nobis dolorem ut. Id doloribus consequatur sint recusandae et. Dolorem aut voluptates quibusdam consectetur mollitia quia minima. Et est et veniam ratione voluptates.', 122, '', 1);
INSERT INTO `product` (`uid`, `product_name`, `product_description`, `price`, `photo`, `is_available`) VALUES (91, 'consequatur', 'Ut molestiae qui commodi ratione quaerat et commodi. Cum quo quo esse vel earum. Est soluta nostrum facilis. Culpa ex quia atque non sit.', 86076, '', 1);
INSERT INTO `product` (`uid`, `product_name`, `product_description`, `price`, `photo`, `is_available`) VALUES (92, 'aut', 'Nesciunt accusantium libero possimus aliquid illo id. Quia quia est suscipit excepturi. Animi deleniti quaerat quibusdam nihil et laboriosam.', 537, '', 0);
INSERT INTO `product` (`uid`, `product_name`, `product_description`, `price`, `photo`, `is_available`) VALUES (93, 'animi', 'Error et tempore at ea. Est dolorem qui est quis sed amet minus. Inventore sint voluptatum consequatur cumque. Ex et ab numquam mollitia.', 3788, '', 0);
INSERT INTO `product` (`uid`, `product_name`, `product_description`, `price`, `photo`, `is_available`) VALUES (94, 'quia', 'Laborum earum excepturi sit quasi expedita voluptate exercitationem. Dolorem expedita fugit corporis odit beatae molestiae. Ut aspernatur nobis hic et nobis eum voluptatibus quia.', 29902, '', 0);
INSERT INTO `product` (`uid`, `product_name`, `product_description`, `price`, `photo`, `is_available`) VALUES (95, 'voluptatem', 'Beatae omnis exercitationem in neque. Optio occaecati deleniti eius non. Ratione voluptatem eligendi debitis aut. Unde aut harum corrupti dicta et. Cum illum ut ipsam quas est.', 56643, '', 0);
INSERT INTO `product` (`uid`, `product_name`, `product_description`, `price`, `photo`, `is_available`) VALUES (96, 'omnis', 'Neque quisquam dolorum doloribus ratione quibusdam quod eos doloremque. Iusto eius ut voluptatem et vitae eligendi ipsa velit. Esse sint ut pariatur soluta consequuntur architecto qui magnam.', 43870, '', 0);
INSERT INTO `product` (`uid`, `product_name`, `product_description`, `price`, `photo`, `is_available`) VALUES (97, 'amet', 'Placeat optio non quibusdam ad. Eum officiis ad asperiores voluptates eum. Et consequatur nihil cum ea reiciendis sunt a qui. Esse laudantium aut pariatur beatae voluptatibus consequuntur.', 0, '', 1);
INSERT INTO `product` (`uid`, `product_name`, `product_description`, `price`, `photo`, `is_available`) VALUES (98, 'corrupti', 'Est repellat vel maiores quia et. Atque illo quae necessitatibus. Dolorum quaerat optio id iste velit.', 435, '', 0);
INSERT INTO `product` (`uid`, `product_name`, `product_description`, `price`, `photo`, `is_available`) VALUES (99, 'modi', 'Repellat aut quis voluptatum unde est accusantium. Inventore facere soluta molestiae quasi. Ducimus nobis quasi nesciunt voluptas possimus quos rem.', 0, '', 1);
INSERT INTO `product` (`uid`, `product_name`, `product_description`, `price`, `photo`, `is_available`) VALUES (100, 'minus', 'Quo dicta sed in totam velit ut dicta. Aspernatur error molestias vel amet voluptas. Maiores quod eaque eius excepturi.', 590272, '', 0);



INSERT INTO `state` (`state_name`) VALUES ('NEW');
INSERT INTO `state` (`state_name`) VALUES ('INPROGRESS');
INSERT INTO `state` (`state_name`) VALUES ('CANCELLED');
INSERT INTO `state` (`state_name`) VALUES ('DELIVERED');


INSERT INTO `orders` (`uid`, `address`, `cash_payment`, `post_delivery`, `order_date`, `total_sum`, `user_id`, `state_id`) VALUES (1, '99421 Patience Keys Apt. 500\nNorth Rosa, OK 35026', 1, 0, '2018-06-12 17:07:38', 8964, 102, 4);
INSERT INTO `orders` (`uid`, `address`, `cash_payment`, `post_delivery`, `order_date`, `total_sum`, `user_id`, `state_id`) VALUES (2, '75763 Ena Canyon Suite 266\nOthastad, IA 96539', 0, 1, '2019-07-03 15:27:25', 9467, 102, 3);
INSERT INTO `orders` (`uid`, `address`, `cash_payment`, `post_delivery`, `order_date`, `total_sum`, `user_id`, `state_id`) VALUES (3, '9090 Macejkovic Park\nEast Drake, ND 62459-5135', 1, 1, '2018-06-12 17:07:38', 2189, 102, 2);

INSERT INTO `order_line` (`quantity`, `order_id`, `product_id`, `saved_price`) VALUES (5, 1, 101, 400);
INSERT INTO `order_line` (`quantity`, `order_id`, `product_id`, `saved_price`) VALUES (2, 1, 103, 500);
INSERT INTO `order_line` (`quantity`, `order_id`, `product_id`, `saved_price`) VALUES (1, 1, 2, 600);
INSERT INTO `order_line` (`quantity`, `order_id`, `product_id`, `saved_price`) VALUES (2, 2, 117, 700);
INSERT INTO `order_line` (`quantity`, `order_id`, `product_id`, `saved_price`) VALUES (1, 2, 113, 800);
INSERT INTO `order_line` (`quantity`, `order_id`, `product_id`, `saved_price`) VALUES (9, 3, 104, 900);
INSERT INTO `order_line` (`quantity`, `order_id`, `product_id`, `saved_price`) VALUES (1, 3, 1, 1000);

/*

INSERT INTO `wishlist_item` (`product_id`, `user_id`) VALUES (1, 69);
INSERT INTO `wishlist_item` (`product_id`, `user_id`) VALUES (1, 79);
INSERT INTO `wishlist_item` (`product_id`, `user_id`) VALUES (1, 81);
INSERT INTO `wishlist_item` (`product_id`, `user_id`) VALUES (2, 66);
INSERT INTO `wishlist_item` (`product_id`, `user_id`) VALUES (3, 22);
INSERT INTO `wishlist_item` (`product_id`, `user_id`) VALUES (6, 8);
INSERT INTO `wishlist_item` (`product_id`, `user_id`) VALUES (6, 53);
INSERT INTO `wishlist_item` (`product_id`, `user_id`) VALUES (8, 13);
INSERT INTO `wishlist_item` (`product_id`, `user_id`) VALUES (9, 2);
INSERT INTO `wishlist_item` (`product_id`, `user_id`) VALUES (9, 62);
INSERT INTO `wishlist_item` (`product_id`, `user_id`) VALUES (10, 37);
INSERT INTO `wishlist_item` (`product_id`, `user_id`) VALUES (15, 55);
INSERT INTO `wishlist_item` (`product_id`, `user_id`) VALUES (15, 65);
INSERT INTO `wishlist_item` (`product_id`, `user_id`) VALUES (15, 84);
INSERT INTO `wishlist_item` (`product_id`, `user_id`) VALUES (16, 2);
INSERT INTO `wishlist_item` (`product_id`, `user_id`) VALUES (16, 60);
INSERT INTO `wishlist_item` (`product_id`, `user_id`) VALUES (17, 14);
INSERT INTO `wishlist_item` (`product_id`, `user_id`) VALUES (17, 68);
INSERT INTO `wishlist_item` (`product_id`, `user_id`) VALUES (18, 51);
INSERT INTO `wishlist_item` (`product_id`, `user_id`) VALUES (18, 62);
INSERT INTO `wishlist_item` (`product_id`, `user_id`) VALUES (21, 74);
INSERT INTO `wishlist_item` (`product_id`, `user_id`) VALUES (21, 100);
INSERT INTO `wishlist_item` (`product_id`, `user_id`) VALUES (22, 75);
INSERT INTO `wishlist_item` (`product_id`, `user_id`) VALUES (23, 49);
INSERT INTO `wishlist_item` (`product_id`, `user_id`) VALUES (24, 82);
INSERT INTO `wishlist_item` (`product_id`, `user_id`) VALUES (25, 73);
INSERT INTO `wishlist_item` (`product_id`, `user_id`) VALUES (26, 77);
INSERT INTO `wishlist_item` (`product_id`, `user_id`) VALUES (28, 44);
INSERT INTO `wishlist_item` (`product_id`, `user_id`) VALUES (29, 60);
INSERT INTO `wishlist_item` (`product_id`, `user_id`) VALUES (30, 15);
INSERT INTO `wishlist_item` (`product_id`, `user_id`) VALUES (30, 17);
INSERT INTO `wishlist_item` (`product_id`, `user_id`) VALUES (30, 53);
INSERT INTO `wishlist_item` (`product_id`, `user_id`) VALUES (31, 95);
INSERT INTO `wishlist_item` (`product_id`, `user_id`) VALUES (32, 78);
INSERT INTO `wishlist_item` (`product_id`, `user_id`) VALUES (33, 70);
INSERT INTO `wishlist_item` (`product_id`, `user_id`) VALUES (33, 97);
INSERT INTO `wishlist_item` (`product_id`, `user_id`) VALUES (35, 93);
INSERT INTO `wishlist_item` (`product_id`, `user_id`) VALUES (36, 41);
INSERT INTO `wishlist_item` (`product_id`, `user_id`) VALUES (37, 16);
INSERT INTO `wishlist_item` (`product_id`, `user_id`) VALUES (37, 25);
INSERT INTO `wishlist_item` (`product_id`, `user_id`) VALUES (38, 90);
INSERT INTO `wishlist_item` (`product_id`, `user_id`) VALUES (39, 29);
INSERT INTO `wishlist_item` (`product_id`, `user_id`) VALUES (40, 39);
INSERT INTO `wishlist_item` (`product_id`, `user_id`) VALUES (40, 41);
INSERT INTO `wishlist_item` (`product_id`, `user_id`) VALUES (40, 76);
INSERT INTO `wishlist_item` (`product_id`, `user_id`) VALUES (41, 6);
INSERT INTO `wishlist_item` (`product_id`, `user_id`) VALUES (41, 49);
INSERT INTO `wishlist_item` (`product_id`, `user_id`) VALUES (41, 72);
INSERT INTO `wishlist_item` (`product_id`, `user_id`) VALUES (42, 54);
INSERT INTO `wishlist_item` (`product_id`, `user_id`) VALUES (43, 91);
INSERT INTO `wishlist_item` (`product_id`, `user_id`) VALUES (44, 10);
INSERT INTO `wishlist_item` (`product_id`, `user_id`) VALUES (45, 30);
INSERT INTO `wishlist_item` (`product_id`, `user_id`) VALUES (46, 93);
INSERT INTO `wishlist_item` (`product_id`, `user_id`) VALUES (47, 88);
INSERT INTO `wishlist_item` (`product_id`, `user_id`) VALUES (50, 71);
INSERT INTO `wishlist_item` (`product_id`, `user_id`) VALUES (52, 58);
INSERT INTO `wishlist_item` (`product_id`, `user_id`) VALUES (52, 66);
INSERT INTO `wishlist_item` (`product_id`, `user_id`) VALUES (54, 91);
INSERT INTO `wishlist_item` (`product_id`, `user_id`) VALUES (56, 93);
INSERT INTO `wishlist_item` (`product_id`, `user_id`) VALUES (57, 1);
INSERT INTO `wishlist_item` (`product_id`, `user_id`) VALUES (57, 24);
INSERT INTO `wishlist_item` (`product_id`, `user_id`) VALUES (58, 84);
INSERT INTO `wishlist_item` (`product_id`, `user_id`) VALUES (58, 93);
INSERT INTO `wishlist_item` (`product_id`, `user_id`) VALUES (59, 94);
INSERT INTO `wishlist_item` (`product_id`, `user_id`) VALUES (60, 23);
INSERT INTO `wishlist_item` (`product_id`, `user_id`) VALUES (60, 65);
INSERT INTO `wishlist_item` (`product_id`, `user_id`) VALUES (61, 92);
INSERT INTO `wishlist_item` (`product_id`, `user_id`) VALUES (61, 100);
INSERT INTO `wishlist_item` (`product_id`, `user_id`) VALUES (62, 72);
INSERT INTO `wishlist_item` (`product_id`, `user_id`) VALUES (63, 66);
INSERT INTO `wishlist_item` (`product_id`, `user_id`) VALUES (65, 39);
INSERT INTO `wishlist_item` (`product_id`, `user_id`) VALUES (65, 49);
INSERT INTO `wishlist_item` (`product_id`, `user_id`) VALUES (65, 78);
INSERT INTO `wishlist_item` (`product_id`, `user_id`) VALUES (68, 3);
INSERT INTO `wishlist_item` (`product_id`, `user_id`) VALUES (69, 47);
INSERT INTO `wishlist_item` (`product_id`, `user_id`) VALUES (69, 89);
INSERT INTO `wishlist_item` (`product_id`, `user_id`) VALUES (70, 18);
INSERT INTO `wishlist_item` (`product_id`, `user_id`) VALUES (70, 88);
INSERT INTO `wishlist_item` (`product_id`, `user_id`) VALUES (71, 92);
INSERT INTO `wishlist_item` (`product_id`, `user_id`) VALUES (74, 10);
INSERT INTO `wishlist_item` (`product_id`, `user_id`) VALUES (76, 86);
INSERT INTO `wishlist_item` (`product_id`, `user_id`) VALUES (80, 10);
INSERT INTO `wishlist_item` (`product_id`, `user_id`) VALUES (80, 44);
INSERT INTO `wishlist_item` (`product_id`, `user_id`) VALUES (81, 97);
INSERT INTO `wishlist_item` (`product_id`, `user_id`) VALUES (84, 6);
INSERT INTO `wishlist_item` (`product_id`, `user_id`) VALUES (85, 68);
INSERT INTO `wishlist_item` (`product_id`, `user_id`) VALUES (85, 74);
INSERT INTO `wishlist_item` (`product_id`, `user_id`) VALUES (85, 91);
INSERT INTO `wishlist_item` (`product_id`, `user_id`) VALUES (89, 20);
INSERT INTO `wishlist_item` (`product_id`, `user_id`) VALUES (89, 75);
INSERT INTO `wishlist_item` (`product_id`, `user_id`) VALUES (89, 80);
INSERT INTO `wishlist_item` (`product_id`, `user_id`) VALUES (91, 51);
INSERT INTO `wishlist_item` (`product_id`, `user_id`) VALUES (91, 56);
INSERT INTO `wishlist_item` (`product_id`, `user_id`) VALUES (93, 83);
INSERT INTO `wishlist_item` (`product_id`, `user_id`) VALUES (96, 70);
INSERT INTO `wishlist_item` (`product_id`, `user_id`) VALUES (96, 92);
INSERT INTO `wishlist_item` (`product_id`, `user_id`) VALUES (97, 65);
INSERT INTO `wishlist_item` (`product_id`, `user_id`) VALUES (98, 30);
INSERT INTO `wishlist_item` (`product_id`, `user_id`) VALUES (98, 36);
INSERT INTO `wishlist_item` (`product_id`, `user_id`) VALUES (98, 41);

*/
