INSERT  into  role (role_name) values ('USER'),('ADMIN');

INSERT INTO `category` (`category_name`) VALUES ('Best selling');
INSERT INTO `category` (`category_name`) VALUES ('For boys');
INSERT INTO `category` (`category_name`) VALUES ('For girls');
INSERT INTO `category` (`category_name`) VALUES ('est');
INSERT INTO `category` (`category_name`) VALUES ('et');
INSERT INTO `category` (`category_name`) VALUES ('facilis');
INSERT INTO `category` (`category_name`) VALUES ('iusto');
INSERT INTO `category` (`category_name`) VALUES ('nihil');
INSERT INTO `category` (`category_name`) VALUES ('sit');
INSERT INTO `category` (`category_name`) VALUES ('ullam');

INSERT INTO `user` (`uid`, `firstname`, `surname`, `patronymic`, `birth_date`, `is_activated`, `email`, `password`, `phone_number`, `role_id`) VALUES (1, 'Delphia', 'Jakubowski', 'Pfeffer', '1989-12-09', 0, 'viviane10@example.com', '2d2b2db5355f1341043ebec57e9effbfaa121ec1', '1-269-926-5652', 1);
INSERT INTO `user` (`uid`, `firstname`, `surname`, `patronymic`, `birth_date`, `is_activated`, `email`, `password`, `phone_number`, `role_id`) VALUES (2, 'Otha', 'Stark', 'Hane', '1978-04-03', 0, 'xleffler@example.com', '68483cad9ef15c3ff0a214a1b098f12b8a991626', '09007911955', 1);
INSERT INTO `user` (`uid`, `firstname`, `surname`, `patronymic`, `birth_date`, `is_activated`, `email`, `password`, `phone_number`, `role_id`) VALUES (3, 'Jena', 'Gusikowski', 'Donnelly', '1979-09-12', 0, 'hayley.hegmann@example.com', '5ac0616a7f9c60a866c7d77f99322b216f1dc97c', '(223)086-1733', 1);
INSERT INTO `user` (`uid`, `firstname`, `surname`, `patronymic`, `birth_date`, `is_activated`, `email`, `password`, `phone_number`, `role_id`) VALUES (4, 'Hayley', 'Satterfield', 'Roberts', '1995-02-25', 0, 'othompson@example.org', 'aab0027b415daa733ac81b44dbe80e78d25baf55', '06749439598', 1);
INSERT INTO `user` (`uid`, `firstname`, `surname`, `patronymic`, `birth_date`, `is_activated`, `email`, `password`, `phone_number`, `role_id`) VALUES (5, 'Janae', 'Schmitt', 'Pagac', '1978-06-09', 1, 'stiedemann.monserrate@example.org', '9e9d7d9f51364bd19174ae1e63fa0b209dabd752', '555.796.0871x402', 1);
INSERT INTO `user` (`uid`, `firstname`, `surname`, `patronymic`, `birth_date`, `is_activated`, `email`, `password`, `phone_number`, `role_id`) VALUES (6, 'Ivory', 'Adams', 'Hoeger', '1986-07-12', 1, 'dane.shields@example.net', '2b3198c2c3d744886d52b067d7de0b02d986b93d', '(807)961-7781x251', 1);
INSERT INTO `user` (`uid`, `firstname`, `surname`, `patronymic`, `birth_date`, `is_activated`, `email`, `password`, `phone_number`, `role_id`) VALUES (7, 'Mable', 'Hand', 'Murray', '1984-05-22', 1, 'adolfo56@example.com', 'f72c73360ccb826a285197b002992e1ff8704701', '278-284-2663x179', 1);
INSERT INTO `user` (`uid`, `firstname`, `surname`, `patronymic`, `birth_date`, `is_activated`, `email`, `password`, `phone_number`, `role_id`) VALUES (8, 'Noe', 'Balistreri', 'Fadel', '1976-12-06', 1, 'emmet.hagenes@example.org', '72364980daf7a6a5c045ed8fc3206b9b73979cf5', '1-669-337-4323', 1);
INSERT INTO `user` (`uid`, `firstname`, `surname`, `patronymic`, `birth_date`, `is_activated`, `email`, `password`, `phone_number`, `role_id`) VALUES (9, 'Brandon', 'Cassin', 'Schaden', '1983-11-27', 1, 'adrienne.marquardt@example.com', '7926048ac6b26eb90fd5b4ace06323ad7721f5e6', '577-702-0256x6326', 1);
INSERT INTO `user` (`uid`, `firstname`, `surname`, `patronymic`, `birth_date`, `is_activated`, `email`, `password`, `phone_number`, `role_id`) VALUES (10, 'Rory', 'Legros', 'Kulas', '2001-04-04', 1, 'ian31@example.com', 'db1ba6834a25ecc69268f56fbd8ac7863870bff7', '1-959-692-9229x178', 1);
INSERT INTO `user` (`uid`, `firstname`, `surname`, `patronymic`, `birth_date`, `is_activated`, `email`, `password`, `phone_number`, `role_id`) VALUES (11, 'Bella', 'Gerhold', 'Kris', '1998-03-11', 1, 'hand.savion@example.net', '312c1639ec4af644f86e190ccb6cea879d48f84f', '+95(6)2373206390', 1);
INSERT INTO `user` (`uid`, `firstname`, `surname`, `patronymic`, `birth_date`, `is_activated`, `email`, `password`, `phone_number`, `role_id`) VALUES (12, 'Tremaine', 'Kautzer', 'Pagac', '1999-03-10', 0, 'keeley68@example.org', '4932d8de907983a9e377212c44da860551eab388', '1-826-425-2626', 1);
INSERT INTO `user` (`uid`, `firstname`, `surname`, `patronymic`, `birth_date`, `is_activated`, `email`, `password`, `phone_number`, `role_id`) VALUES (13, 'Katlynn', 'OHara', 'Stiedemann', '1978-05-21', 1, 'monserrat.leuschke@example.org', '5ec597d5fcd874757bf9f531d257f42163667e69', '1-870-621-2449', 1);
INSERT INTO `user` (`uid`, `firstname`, `surname`, `patronymic`, `birth_date`, `is_activated`, `email`, `password`, `phone_number`, `role_id`) VALUES (14, 'Michele', 'Walker', 'Hilll', '1975-04-14', 0, 'hilton16@example.net', 'a789500fcb729788a6a52a14fa3331b5c223b620', '1-161-574-5860x921', 1);
INSERT INTO `user` (`uid`, `firstname`, `surname`, `patronymic`, `birth_date`, `is_activated`, `email`, `password`, `phone_number`, `role_id`) VALUES (15, 'Bethel', 'Lesch', 'Kertzmann', '1988-02-13', 1, 'pearlie.lind@example.com', 'dbcc55c6d22ba7336e1f685ea018c75a48ba9cd4', '1-343-550-8613x7223', 1);
INSERT INTO `user` (`uid`, `firstname`, `surname`, `patronymic`, `birth_date`, `is_activated`, `email`, `password`, `phone_number`, `role_id`) VALUES (16, 'Chanelle', 'Mohr', 'Douglas', '1989-12-22', 0, 'lonzo.quigley@example.org', '1ccc88384f1280a0236f6da50c4faa5e8c5c2691', '315.378.4371x325', 1);
INSERT INTO `user` (`uid`, `firstname`, `surname`, `patronymic`, `birth_date`, `is_activated`, `email`, `password`, `phone_number`, `role_id`) VALUES (17, 'Jaycee', 'Jones', 'Muller', '1977-04-10', 1, 'anderson.amy@example.net', '9e1cc908806a14096c7c7ddfb776b2f9d5b37d9c', '561-859-3357x88981', 1);
INSERT INTO `user` (`uid`, `firstname`, `surname`, `patronymic`, `birth_date`, `is_activated`, `email`, `password`, `phone_number`, `role_id`) VALUES (18, 'Cruz', 'Schaden', 'Romaguera', '1992-04-19', 1, 'ijenkins@example.com', 'c4c25577ff4f288983a133682d37e078e5f8b346', '140-553-4396', 1);
INSERT INTO `user` (`uid`, `firstname`, `surname`, `patronymic`, `birth_date`, `is_activated`, `email`, `password`, `phone_number`, `role_id`) VALUES (19, 'Annie', 'Hessel', 'Greenfelder', '1972-06-02', 1, 'melba74@example.net', '61478c9da13ee87fbb433dba341fc099d04da8a6', '(653)322-2718x828', 1);
INSERT INTO `user` (`uid`, `firstname`, `surname`, `patronymic`, `birth_date`, `is_activated`, `email`, `password`, `phone_number`, `role_id`) VALUES (20, 'Emmet', 'Murazik', 'Hoeger', '1975-01-23', 0, 'lesly.romaguera@example.org', '71c4f07cbd5ff625790833f66e0c68e40e4222f2', '(994)693-5464x6918', 1);
INSERT INTO `user` (`uid`, `firstname`, `surname`, `patronymic`, `birth_date`, `is_activated`, `email`, `password`, `phone_number`, `role_id`) VALUES (21, 'Elisabeth', 'Boyle', 'Dickinson', '1980-09-21', 1, 'ulang@example.org', '7d7326914f57f730147f368ca6aa1bf582d39092', '863-034-5838x26825', 1);
INSERT INTO `user` (`uid`, `firstname`, `surname`, `patronymic`, `birth_date`, `is_activated`, `email`, `password`, `phone_number`, `role_id`) VALUES (22, 'Kailee', 'Hermiston', 'Aufderhar', '1987-01-12', 0, 'thad51@example.org', 'ca291539c2ae17167866dce081b6c755294f8ba8', '1-931-402-0868', 1);
INSERT INTO `user` (`uid`, `firstname`, `surname`, `patronymic`, `birth_date`, `is_activated`, `email`, `password`, `phone_number`, `role_id`) VALUES (23, 'Jesse', 'Wuckert', 'Hammes', '1983-07-30', 1, 'arden51@example.net', 'd2e4c8c2a7afa1c145e584f0adc43ed3781a3059', '176.490.1707', 1);
INSERT INTO `user` (`uid`, `firstname`, `surname`, `patronymic`, `birth_date`, `is_activated`, `email`, `password`, `phone_number`, `role_id`) VALUES (24, 'Patrick', 'Wisoky', 'Dare', '1999-02-04', 1, 'myrna08@example.com', 'ab8a99299c61ba36a78899ca15db4cf4c1886895', '+60(4)5367208258', 1);
INSERT INTO `user` (`uid`, `firstname`, `surname`, `patronymic`, `birth_date`, `is_activated`, `email`, `password`, `phone_number`, `role_id`) VALUES (25, 'Laurianne', 'Luettgen', 'Bode', '1985-12-13', 0, 'larkin.nathaniel@example.com', '9d502e66fd85c95368fcbb0bd974e06c3e74f8a6', '784.400.0096', 1);
INSERT INTO `user` (`uid`, `firstname`, `surname`, `patronymic`, `birth_date`, `is_activated`, `email`, `password`, `phone_number`, `role_id`) VALUES (26, 'Erin', 'Bartell', 'Boyle', '1972-10-16', 1, 'jorge66@example.net', 'abad1bff8d97eea6781a94f41f7c8d1bee7eef64', '04367042270', 1);
INSERT INTO `user` (`uid`, `firstname`, `surname`, `patronymic`, `birth_date`, `is_activated`, `email`, `password`, `phone_number`, `role_id`) VALUES (27, 'Madaline', 'Parisian', 'Kohler', '1979-10-01', 0, 'altenwerth.tyrique@example.org', '7e2e15f33e47205823de5e53777858d4915b5ffb', '733-513-6931x00067', 1);
INSERT INTO `user` (`uid`, `firstname`, `surname`, `patronymic`, `birth_date`, `is_activated`, `email`, `password`, `phone_number`, `role_id`) VALUES (28, 'Brycen', 'Ryan', 'Steuber', '1995-01-01', 1, 'rschmidt@example.org', '7a18bdc09b9d74babba75151c32c78de652383a6', '+84(5)3425338282', 1);
INSERT INTO `user` (`uid`, `firstname`, `surname`, `patronymic`, `birth_date`, `is_activated`, `email`, `password`, `phone_number`, `role_id`) VALUES (29, 'Daphney', 'Mueller', 'Haley', '2002-11-15', 1, 'bdooley@example.org', '2c05a98409c751438d9da3eea4205541fae32d44', '457-510-5290', 1);
INSERT INTO `user` (`uid`, `firstname`, `surname`, `patronymic`, `birth_date`, `is_activated`, `email`, `password`, `phone_number`, `role_id`) VALUES (30, 'Meda', 'Pfannerstill', 'Bednar', '1998-05-17', 0, 'cstamm@example.com', 'c0be14a4160b8bf9fc48f648308d7425d37c5955', '(424)002-5179', 1);
INSERT INTO `user` (`uid`, `firstname`, `surname`, `patronymic`, `birth_date`, `is_activated`, `email`, `password`, `phone_number`, `role_id`) VALUES (31, 'Dale', 'Herzog', 'Walter', '1984-06-16', 0, 'ida.kassulke@example.org', 'f975c16b094dcb7f6a08ad7138b0c60918f5e771', '1-000-175-6222', 1);
INSERT INTO `user` (`uid`, `firstname`, `surname`, `patronymic`, `birth_date`, `is_activated`, `email`, `password`, `phone_number`, `role_id`) VALUES (32, 'Dariana', 'Armstrong', 'Turner', '1974-12-03', 1, 'pbeer@example.com', '6673d95d0c67b2ec65764992a304422ef83a5318', '1-387-970-4235', 1);
INSERT INTO `user` (`uid`, `firstname`, `surname`, `patronymic`, `birth_date`, `is_activated`, `email`, `password`, `phone_number`, `role_id`) VALUES (33, 'Jasen', 'Pfannerstill', 'Ondricka', '1972-08-16', 1, 'milan.schuster@example.com', '2915e87311be510de9ea6f336b5218f964109063', '1-854-586-8876', 1);
INSERT INTO `user` (`uid`, `firstname`, `surname`, `patronymic`, `birth_date`, `is_activated`, `email`, `password`, `phone_number`, `role_id`) VALUES (34, 'Horace', 'Pfeffer', 'Rempel', '1992-01-22', 0, 'rwilliamson@example.net', 'afd8f9ebdaf146b380570f0aecf26b8ba9ea631d', '627-526-1389x98151', 1);
INSERT INTO `user` (`uid`, `firstname`, `surname`, `patronymic`, `birth_date`, `is_activated`, `email`, `password`, `phone_number`, `role_id`) VALUES (35, 'Aylin', 'Macejkovic', 'Gerlach', '1993-03-03', 0, 'greenfelder.madge@example.net', '8fd7f8ccb040b4d9210256eea1f97a660eaa0591', '374.246.1740x5102', 1);
INSERT INTO `user` (`uid`, `firstname`, `surname`, `patronymic`, `birth_date`, `is_activated`, `email`, `password`, `phone_number`, `role_id`) VALUES (36, 'Hannah', 'Rowe', 'Welch', '1972-09-29', 0, 'cassin.lila@example.org', 'd7dead91a80a8d2227036f1e308e715057954b8b', '+27(9)5538803391', 1);
INSERT INTO `user` (`uid`, `firstname`, `surname`, `patronymic`, `birth_date`, `is_activated`, `email`, `password`, `phone_number`, `role_id`) VALUES (37, 'Hallie', 'Sawayn', 'Medhurst', '1991-11-08', 1, 'thad95@example.org', '3ba0b6e9692361c03a028aab905bd8c0f849ff6d', '655.411.5416x448', 1);
INSERT INTO `user` (`uid`, `firstname`, `surname`, `patronymic`, `birth_date`, `is_activated`, `email`, `password`, `phone_number`, `role_id`) VALUES (38, 'Malvina', 'Ferry', 'Willms', '1973-12-26', 1, 'samantha44@example.com', 'f3315033a5b2849efa2c0d802c272e441b3c39a6', '(305)687-5929x9632', 1);
INSERT INTO `user` (`uid`, `firstname`, `surname`, `patronymic`, `birth_date`, `is_activated`, `email`, `password`, `phone_number`, `role_id`) VALUES (39, 'Alvah', 'Gleason', 'Stroman', '1977-05-10', 0, 'oreilly.alessandra@example.org', 'fe206385bc3d53aee43a66b2b3c616b1f4ce758c', '(321)316-1085', 1);
INSERT INTO `user` (`uid`, `firstname`, `surname`, `patronymic`, `birth_date`, `is_activated`, `email`, `password`, `phone_number`, `role_id`) VALUES (40, 'Pattie', 'Hackett', 'Conroy', '2002-04-17', 0, 'janet79@example.net', 'f6b48e202440d55f79e51989dd3591b81e4e8034', '(408)840-8804x922', 1);
INSERT INTO `user` (`uid`, `firstname`, `surname`, `patronymic`, `birth_date`, `is_activated`, `email`, `password`, `phone_number`, `role_id`) VALUES (41, 'Israel', 'Medhurst', 'Toy', '1988-01-07', 1, 'ratke.susanna@example.net', '07a76c2807a3ad561dadea9de27734680b8d276c', '(992)519-9227x259', 1);
INSERT INTO `user` (`uid`, `firstname`, `surname`, `patronymic`, `birth_date`, `is_activated`, `email`, `password`, `phone_number`, `role_id`) VALUES (42, 'Pierre', 'Jakubowski', 'Bogan', '1977-09-27', 0, 'ruby.smith@example.net', '1836a4a316f1d85542290368c99a90315a7b65ea', '263-890-4128x336', 1);
INSERT INTO `user` (`uid`, `firstname`, `surname`, `patronymic`, `birth_date`, `is_activated`, `email`, `password`, `phone_number`, `role_id`) VALUES (43, 'Maeve', 'Schimmel', 'Ullrich', '2000-03-16', 1, 'bechtelar.alvena@example.net', '067b698ec6c927b561d7ed8bd9fdadcb139920bb', '(244)530-9533', 1);
INSERT INTO `user` (`uid`, `firstname`, `surname`, `patronymic`, `birth_date`, `is_activated`, `email`, `password`, `phone_number`, `role_id`) VALUES (44, 'Destany', 'Murphy', 'Johns', '1975-08-05', 0, 'pfannerstill.kiana@example.com', 'ea91757a042997e26783307b026c149df4a1c7af', '498-555-9101x588', 1);
INSERT INTO `user` (`uid`, `firstname`, `surname`, `patronymic`, `birth_date`, `is_activated`, `email`, `password`, `phone_number`, `role_id`) VALUES (45, 'Filiberto', 'DAmore', 'Collier', '1979-05-04', 1, 'bashirian.jovani@example.org', 'bd6c9b4901375218b15db863e6af7570eee8c964', '1-654-717-1707x7044', 1);
INSERT INTO `user` (`uid`, `firstname`, `surname`, `patronymic`, `birth_date`, `is_activated`, `email`, `password`, `phone_number`, `role_id`) VALUES (46, 'Alberto', 'Rippin', 'Mertz', '1982-01-17', 0, 'runte.isabelle@example.net', 'd93606f541491dd9b78754d62b0c5da53ad73029', '+93(7)0955417207', 1);
INSERT INTO `user` (`uid`, `firstname`, `surname`, `patronymic`, `birth_date`, `is_activated`, `email`, `password`, `phone_number`, `role_id`) VALUES (47, 'Van', 'Mohr', 'Gorczany', '1999-09-26', 1, 'medhurst.mara@example.net', '6d175f1b4d6d100670bc29f11fb7ce00b52737de', '168-469-2686x6481', 1);
INSERT INTO `user` (`uid`, `firstname`, `surname`, `patronymic`, `birth_date`, `is_activated`, `email`, `password`, `phone_number`, `role_id`) VALUES (48, 'Hassie', 'Runte', 'Anderson', '1972-01-22', 1, 'chauncey56@example.org', '62e37ad05ff93ef9d575c0a4934f0005b28fad10', '(780)721-6170', 1);
INSERT INTO `user` (`uid`, `firstname`, `surname`, `patronymic`, `birth_date`, `is_activated`, `email`, `password`, `phone_number`, `role_id`) VALUES (49, 'Brandyn', 'Cassin', 'Schmitt', '1985-06-24', 0, 'wyman55@example.com', '7d9c35b80e14b3031ab3491c111c8a8b10b56d2e', '023-070-5308x42234', 1);
INSERT INTO `user` (`uid`, `firstname`, `surname`, `patronymic`, `birth_date`, `is_activated`, `email`, `password`, `phone_number`, `role_id`) VALUES (50, 'Germaine', 'Zulauf', 'Mraz', '1981-11-04', 1, 'ruthie67@example.org', 'c2ef0f4baa48024c21c0b09589e8c70e6dfef140', '(832)879-5281', 1);
INSERT INTO `user` (`uid`, `firstname`, `surname`, `patronymic`, `birth_date`, `is_activated`, `email`, `password`, `phone_number`, `role_id`) VALUES (51, 'Dillon', 'Gorczany', 'Nienow', '1984-10-29', 0, 'alison.kuphal@example.org', '471af3f6d58eeecb4a33be58541cb1614c4fafb0', '257-387-2589x115', 1);
INSERT INTO `user` (`uid`, `firstname`, `surname`, `patronymic`, `birth_date`, `is_activated`, `email`, `password`, `phone_number`, `role_id`) VALUES (52, 'Chaya', 'Medhurst', 'Hessel', '1973-09-23', 1, 'iwaters@example.com', 'c988e62bc81b3c4e1261b9e1bff133adbd12f47f', '(312)913-0382x565', 1);
INSERT INTO `user` (`uid`, `firstname`, `surname`, `patronymic`, `birth_date`, `is_activated`, `email`, `password`, `phone_number`, `role_id`) VALUES (53, 'Libby', 'Kris', 'Lesch', '1978-10-23', 0, 'farrell.rylee@example.net', 'e104fd09c84929d836a0187ca2ea924af8860c32', '+41(6)4991483782', 1);
INSERT INTO `user` (`uid`, `firstname`, `surname`, `patronymic`, `birth_date`, `is_activated`, `email`, `password`, `phone_number`, `role_id`) VALUES (54, 'Johnathan', 'Pfeffer', 'Skiles', '1971-10-16', 0, 'henri.cummings@example.com', '6044108e489f87c59b1bd691f5c3217e3d0fea4c', '(240)402-9722', 1);
INSERT INTO `user` (`uid`, `firstname`, `surname`, `patronymic`, `birth_date`, `is_activated`, `email`, `password`, `phone_number`, `role_id`) VALUES (55, 'Pedro', 'Dickinson', 'Davis', '1985-07-30', 1, 'lwhite@example.com', '196b8cbfc0bf4bdae70e6f1a03763267c0a260f6', '(310)386-3504', 1);
INSERT INTO `user` (`uid`, `firstname`, `surname`, `patronymic`, `birth_date`, `is_activated`, `email`, `password`, `phone_number`, `role_id`) VALUES (56, 'Willy', 'Adams', 'Metz', '1987-06-22', 0, 'stroman.watson@example.com', 'ee0dc826ca316f78e1a7b39ad2e69477f712c63d', '1-229-074-5090', 1);
INSERT INTO `user` (`uid`, `firstname`, `surname`, `patronymic`, `birth_date`, `is_activated`, `email`, `password`, `phone_number`, `role_id`) VALUES (57, 'Abel', 'Feil', 'Farrell', '1993-04-01', 1, 'wlegros@example.org', '260fbb6efdd027e7694f64bc007da676db74cddd', '(115)117-3385x55257', 1);
INSERT INTO `user` (`uid`, `firstname`, `surname`, `patronymic`, `birth_date`, `is_activated`, `email`, `password`, `phone_number`, `role_id`) VALUES (58, 'Jerrell', 'Mann', 'Greenholt', '1996-06-23', 0, 'garry.harris@example.org', '976ce2815b60494574cadf5f8cb6277775a0671a', '944.045.2904', 1);
INSERT INTO `user` (`uid`, `firstname`, `surname`, `patronymic`, `birth_date`, `is_activated`, `email`, `password`, `phone_number`, `role_id`) VALUES (59, 'Nicolas', 'Pollich', 'Abshire', '1987-12-17', 0, 'monahan.cortez@example.net', '59225fd58cc2fd08f7faf3176556eec01aaac408', '256-674-2263x069', 1);
INSERT INTO `user` (`uid`, `firstname`, `surname`, `patronymic`, `birth_date`, `is_activated`, `email`, `password`, `phone_number`, `role_id`) VALUES (60, 'Morgan', 'Goyette', 'Hodkiewicz', '1995-07-15', 0, 'stark.reina@example.net', '258d963eea4c7219dc59c3dd97b3bfc5d277fc26', '(143)213-4726', 1);
INSERT INTO `user` (`uid`, `firstname`, `surname`, `patronymic`, `birth_date`, `is_activated`, `email`, `password`, `phone_number`, `role_id`) VALUES (61, 'Jacynthe', 'Considine', 'Corwin', '1993-12-26', 1, 'nakia.grady@example.com', '6f6bc747e3c9b51c224761d81b8ba9114e3c1b52', '900.789.5413', 1);
INSERT INTO `user` (`uid`, `firstname`, `surname`, `patronymic`, `birth_date`, `is_activated`, `email`, `password`, `phone_number`, `role_id`) VALUES (62, 'Laurence', 'Gleichner', 'Carroll', '1992-06-01', 0, 'stoltenberg.lysanne@example.net', '3bbe05e55ff9d15db7398b4f8eb748ebe5d83e2a', '899.915.3520x84454', 1);
INSERT INTO `user` (`uid`, `firstname`, `surname`, `patronymic`, `birth_date`, `is_activated`, `email`, `password`, `phone_number`, `role_id`) VALUES (63, 'Thora', 'Wolff', 'Parker', '2002-01-28', 0, 'jairo.quigley@example.org', '96555caba11e3bcb5b7d6f5bb6815678ba9b104f', '536-587-5050', 1);
INSERT INTO `user` (`uid`, `firstname`, `surname`, `patronymic`, `birth_date`, `is_activated`, `email`, `password`, `phone_number`, `role_id`) VALUES (64, 'Cyrus', 'Simonis', 'Connelly', '1985-04-04', 0, 'martine66@example.org', '360333ba50e8a4b2854471ccf27ab2193d9120ee', '04054356121', 1);
INSERT INTO `user` (`uid`, `firstname`, `surname`, `patronymic`, `birth_date`, `is_activated`, `email`, `password`, `phone_number`, `role_id`) VALUES (65, 'Izabella', 'Boyle', 'Adams', '1997-09-17', 1, 'darius79@example.com', '3690a1b6311518e7379c3df96076499bd0799307', '210-957-0802', 1);
INSERT INTO `user` (`uid`, `firstname`, `surname`, `patronymic`, `birth_date`, `is_activated`, `email`, `password`, `phone_number`, `role_id`) VALUES (66, 'Hazel', 'Ondricka', 'Runolfsdottir', '1982-03-23', 1, 'xgoodwin@example.com', 'a925767688bd4bb9829cd3cfb0305543fd78164b', '1-085-560-0101', 1);
INSERT INTO `user` (`uid`, `firstname`, `surname`, `patronymic`, `birth_date`, `is_activated`, `email`, `password`, `phone_number`, `role_id`) VALUES (67, 'Orval', 'Hudson', 'Kerluke', '1973-04-12', 1, 'manuel.harris@example.org', 'a619249c7f4945567a27e0bc166add970bffb647', '642-965-5778', 1);
INSERT INTO `user` (`uid`, `firstname`, `surname`, `patronymic`, `birth_date`, `is_activated`, `email`, `password`, `phone_number`, `role_id`) VALUES (68, 'Eugenia', 'Jaskolski', 'Hand', '1986-01-17', 1, 'madyson.hartmann@example.com', 'cc02e2fb0e819718214bb7dbfa66ec6822396203', '1-254-908-0704x91142', 1);
INSERT INTO `user` (`uid`, `firstname`, `surname`, `patronymic`, `birth_date`, `is_activated`, `email`, `password`, `phone_number`, `role_id`) VALUES (69, 'Modesta', 'Wehner', 'Pagac', '2001-12-27', 1, 'tbrown@example.net', 'b614ab20d46eb517f98e6aa36779dc1108b1b288', '081-811-8974x1476', 1);
INSERT INTO `user` (`uid`, `firstname`, `surname`, `patronymic`, `birth_date`, `is_activated`, `email`, `password`, `phone_number`, `role_id`) VALUES (70, 'Jerrell', 'Wunsch', 'Bins', '1980-11-24', 0, 'ben68@example.net', 'fa826a453c1a6cdb722def7ba295d3e588e990c1', '334.442.8972x028', 1);
INSERT INTO `user` (`uid`, `firstname`, `surname`, `patronymic`, `birth_date`, `is_activated`, `email`, `password`, `phone_number`, `role_id`) VALUES (71, 'Monte', 'Corwin', 'White', '2000-11-07', 0, 'cassin.annamae@example.net', '36f10617db89fe3d97cfe0e60613e02276f80760', '+23(4)1590278173', 1);
INSERT INTO `user` (`uid`, `firstname`, `surname`, `patronymic`, `birth_date`, `is_activated`, `email`, `password`, `phone_number`, `role_id`) VALUES (72, 'Eugene', 'Dickinson', 'Monahan', '1983-11-20', 1, 'claudie.bashirian@example.com', 'b64725a31b26f965dd189ca8763a005511b84c14', '534.682.5722x180', 1);
INSERT INTO `user` (`uid`, `firstname`, `surname`, `patronymic`, `birth_date`, `is_activated`, `email`, `password`, `phone_number`, `role_id`) VALUES (73, 'Jeremy', 'Bayer', 'Nolan', '1973-04-13', 1, 'lolita.sanford@example.net', '88f4f62d7ddebf331acff6c5b764d4edc580efb6', '08353333114', 1);
INSERT INTO `user` (`uid`, `firstname`, `surname`, `patronymic`, `birth_date`, `is_activated`, `email`, `password`, `phone_number`, `role_id`) VALUES (74, 'Douglas', 'Keebler', 'Kunde', '1998-09-16', 1, 'riley.muller@example.net', '9880a14945af91723ff8e4725a8db4c5d59a0a8b', '09591422916', 1);
INSERT INTO `user` (`uid`, `firstname`, `surname`, `patronymic`, `birth_date`, `is_activated`, `email`, `password`, `phone_number`, `role_id`) VALUES (75, 'Kirsten', 'Wiegand', 'Nienow', '1990-11-09', 1, 'roberto.bogisich@example.org', 'f5c555192e57f54d35ab1c33d96f655d591b931d', '+20(7)9536140877', 1);
INSERT INTO `user` (`uid`, `firstname`, `surname`, `patronymic`, `birth_date`, `is_activated`, `email`, `password`, `phone_number`, `role_id`) VALUES (76, 'Arielle', 'Kemmer', 'Hilpert', '1992-07-08', 0, 'hollie89@example.net', '6c2d4a40c81796d470e3cd64399b679e88adb595', '693.218.1617', 1);
INSERT INTO `user` (`uid`, `firstname`, `surname`, `patronymic`, `birth_date`, `is_activated`, `email`, `password`, `phone_number`, `role_id`) VALUES (77, 'Danny', 'Glover', 'Bartoletti', '1991-09-05', 0, 'aaliyah.vonrueden@example.org', 'a5c58c39b5a9eefdbc2a32b04066612145d0cec1', '1-620-205-2053x26086', 1);
INSERT INTO `user` (`uid`, `firstname`, `surname`, `patronymic`, `birth_date`, `is_activated`, `email`, `password`, `phone_number`, `role_id`) VALUES (78, 'Nicholaus', 'Grimes', 'Reichert', '1988-12-07', 0, 'alexandre84@example.org', '8af5354feb22a2ee7dd7b7fcdc4708e8c8b6659d', '1-938-249-7885x8640', 1);
INSERT INTO `user` (`uid`, `firstname`, `surname`, `patronymic`, `birth_date`, `is_activated`, `email`, `password`, `phone_number`, `role_id`) VALUES (79, 'London', 'Feeney', 'Nicolas', '1970-07-21', 0, 'jmuller@example.org', '234de036a899173f915723c5fbc15b440e4e011c', '+45(2)4468344359', 1);
INSERT INTO `user` (`uid`, `firstname`, `surname`, `patronymic`, `birth_date`, `is_activated`, `email`, `password`, `phone_number`, `role_id`) VALUES (80, 'Lia', 'Paucek', 'Hegmann', '1973-08-28', 1, 'opal54@example.com', '5222a0f5ecee0f6d0db9c11a57b2402d5e454a40', '07330871769', 1);
INSERT INTO `user` (`uid`, `firstname`, `surname`, `patronymic`, `birth_date`, `is_activated`, `email`, `password`, `phone_number`, `role_id`) VALUES (81, 'Geraldine', 'Kunde', 'Carter', '1974-10-28', 1, 'qlang@example.net', 'eb919d04a3a37665dba15be52df1a13e50396238', '061.462.0455', 1);
INSERT INTO `user` (`uid`, `firstname`, `surname`, `patronymic`, `birth_date`, `is_activated`, `email`, `password`, `phone_number`, `role_id`) VALUES (82, 'Duane', 'Schneider', 'Kuhic', '1986-04-22', 1, 'wehner.reina@example.com', 'b3e2b8f74ca6b80a9141a7f5945a249439e76541', '1-514-518-6087', 1);
INSERT INTO `user` (`uid`, `firstname`, `surname`, `patronymic`, `birth_date`, `is_activated`, `email`, `password`, `phone_number`, `role_id`) VALUES (83, 'Oda', 'Miller', 'OKeefe', '1988-06-12', 1, 'kozey.fausto@example.com', '5bfdb45996d9229dca60126f213ac4499b6d7bf5', '1-813-534-8309x081', 1);
INSERT INTO `user` (`uid`, `firstname`, `surname`, `patronymic`, `birth_date`, `is_activated`, `email`, `password`, `phone_number`, `role_id`) VALUES (84, 'Cyrus', 'Turcotte', 'Littel', '1974-07-27', 1, 'haylee66@example.com', '4cdf517a511ebc1d343c7eb8668a1d62b913f66e', '(556)003-9930x572', 1);
INSERT INTO `user` (`uid`, `firstname`, `surname`, `patronymic`, `birth_date`, `is_activated`, `email`, `password`, `phone_number`, `role_id`) VALUES (85, 'Yvonne', 'Graham', 'Greenfelder', '1988-03-06', 0, 'thompson.pearline@example.com', 'b086ee01a076f45ee56e35fd29e07f4cdda5081d', '08545596804', 1);
INSERT INTO `user` (`uid`, `firstname`, `surname`, `patronymic`, `birth_date`, `is_activated`, `email`, `password`, `phone_number`, `role_id`) VALUES (86, 'Willy', 'Durgan', 'Schneider', '1987-07-29', 0, 'amaggio@example.net', '6d370e6d1e44c3bc2a86b0a41881e6e62d2d5fa4', '958.113.4647x42211', 1);
INSERT INTO `user` (`uid`, `firstname`, `surname`, `patronymic`, `birth_date`, `is_activated`, `email`, `password`, `phone_number`, `role_id`) VALUES (87, 'Tito', 'Torphy', 'Corkery', '1986-05-19', 1, 'maggio.tommie@example.com', '8974f949f4298278fca6c89fb61c21317193f128', '201.538.2345', 1);
INSERT INTO `user` (`uid`, `firstname`, `surname`, `patronymic`, `birth_date`, `is_activated`, `email`, `password`, `phone_number`, `role_id`) VALUES (88, 'Seth', 'Jacobi', 'Sanford', '2000-04-01', 0, 'mclaughlin.alena@example.net', '64a690787500a8dd2b79c69917e97e6a546d9bed', '03529657697', 1);
INSERT INTO `user` (`uid`, `firstname`, `surname`, `patronymic`, `birth_date`, `is_activated`, `email`, `password`, `phone_number`, `role_id`) VALUES (89, 'Kurt', 'Cummings', 'Murazik', '1985-10-08', 0, 'stefan.leuschke@example.net', '50eb8d13e340e33fb14184d403b07097797dac8f', '968.617.7863', 1);
INSERT INTO `user` (`uid`, `firstname`, `surname`, `patronymic`, `birth_date`, `is_activated`, `email`, `password`, `phone_number`, `role_id`) VALUES (90, 'Liliana', 'Williamson', 'Kunze', '1988-04-06', 0, 'laurie.rolfson@example.net', '3791061569c411a51ade46ed7259c3fb1ef35565', '1-882-464-6691', 1);
INSERT INTO `user` (`uid`, `firstname`, `surname`, `patronymic`, `birth_date`, `is_activated`, `email`, `password`, `phone_number`, `role_id`) VALUES (91, 'Isidro', 'Waters', 'Hayes', '1993-09-28', 0, 'orrin51@example.net', '9b99166bcbd82edb1c5a69b3cd4f707a773bc17c', '050.304.9382', 1);
INSERT INTO `user` (`uid`, `firstname`, `surname`, `patronymic`, `birth_date`, `is_activated`, `email`, `password`, `phone_number`, `role_id`) VALUES (92, 'Terrill', 'Connelly', 'Kutch', '1975-06-14', 1, 'scottie08@example.net', '14759e4ff693fb8dc5c340429042864617ede214', '1-642-251-5815x3807', 1);
INSERT INTO `user` (`uid`, `firstname`, `surname`, `patronymic`, `birth_date`, `is_activated`, `email`, `password`, `phone_number`, `role_id`) VALUES (93, 'Dixie', 'Sipes', 'McClure', '2002-10-12', 0, 'jasper09@example.org', '5103cfdbcf1ea0a0aa9d3d226cf6305130b604be', '432-367-5397x90650', 1);
INSERT INTO `user` (`uid`, `firstname`, `surname`, `patronymic`, `birth_date`, `is_activated`, `email`, `password`, `phone_number`, `role_id`) VALUES (94, 'Abe', 'Fisher', 'Stark', '1986-06-25', 0, 'jcrist@example.net', 'd7e862de6713e1b6631184c458ba56c0b6a052d5', '1-007-489-9168', 1);
INSERT INTO `user` (`uid`, `firstname`, `surname`, `patronymic`, `birth_date`, `is_activated`, `email`, `password`, `phone_number`, `role_id`) VALUES (95, 'Sophie', 'Cassin', 'Stokes', '1988-07-30', 1, 'stillman@example.org', '8dc78cbd4aea3be435d5cf5bf0f599b998a6e4d2', '1-444-706-8060x4337', 1);
INSERT INTO `user` (`uid`, `firstname`, `surname`, `patronymic`, `birth_date`, `is_activated`, `email`, `password`, `phone_number`, `role_id`) VALUES (96, 'Jackie', 'Cremin', 'Osinski', '1999-02-14', 0, 'kariane55@example.net', 'eee92fcd6e5fc9979f2867ad5951cfb9e25b0ef2', '051.350.0389x9862', 1);
INSERT INTO `user` (`uid`, `firstname`, `surname`, `patronymic`, `birth_date`, `is_activated`, `email`, `password`, `phone_number`, `role_id`) VALUES (97, 'Jennifer', 'Morar', 'Zieme', '1971-03-22', 0, 'swaniawski.mayra@example.org', 'c0394b668e8472f2e4cc8f5334b6e37aaa51ab82', '709.070.0141x2399', 1);
INSERT INTO `user` (`uid`, `firstname`, `surname`, `patronymic`, `birth_date`, `is_activated`, `email`, `password`, `phone_number`, `role_id`) VALUES (98, 'Corbin', 'Conroy', 'Armstrong', '1997-11-28', 0, 'shakira45@example.org', '9881b9a93539ddee1c18c2a8fc459889ff704bea', '(651)110-3513x06055', 1);
INSERT INTO `user` (`uid`, `firstname`, `surname`, `patronymic`, `birth_date`, `is_activated`, `email`, `password`, `phone_number`, `role_id`) VALUES (99, 'Vicenta', 'Schumm', 'Huel', '1977-09-29', 1, 'lmurray@example.net', '476a2ce5873978b128696e313bc6cd5c8094b6a6', '525.984.7866', 1);
INSERT INTO `user` (`uid`, `firstname`, `surname`, `patronymic`, `birth_date`, `is_activated`, `email`, `password`, `phone_number`, `role_id`) VALUES (100, 'Sandra', 'Rutherford', 'Johnson', '1997-04-27', 0, 'leffler.christ@example.net', '676f0dd5e001b1afbf660bdcbb2e1341f1f2c071', '1-482-195-2125x83719', 1);

insert  into user (firstname, surname, patronymic, birth_date, is_activated, email, password, phone_number, role_id) values ('Julia', 'Aleksandrova', 'Really', '1999-01-08', TRUE, 'admin@gmail.com', 'admin','0964521233',2);

insert  into user (firstname, surname, patronymic, birth_date, is_activated, email, password, phone_number, role_id) values ('Julia', 'Aleksandrova', 'Really', '1999-01-08', TRUE, 'julia@gmail.com', 'julia','233223233',1);



INSERT INTO `product` (`uid`, `product_name`, `product_description`, `price`, `photo`, `is_available`) VALUES (1, 'Bracelet CLAW with rose quartz', 'CLAW silver bracelet is beautiful and sharp with the two stones that nearly meet. The bracelet is comfortable to wear as it cannot turn around with its oval shape. The bracelet is easy to put on as it has a hinge that flips open and close, smart. \n The rose quartz exists in various pink nuances, from light pink to dark and all stones are different.  The stone shines and sparkles very nicely in the light. It exists in another three stones: smokey quartz, onyx, and quartz. ', 1299, 'https://quickbutik.imgix.net/2482K/products/5e4123ba71b6d.jpeg', 0);
INSERT INTO `product` (`uid`, `product_name`, `product_description`, `price`, `photo`, `is_available`) VALUES (2, 'Sterling Silver Rose Quartz Bracelet', 'Natural rose quartz is often a very pale pink. The stronger the pink color, the more valuable most consider it, though metaphysically the paler pinks are equally valuable. \n In the psychic and spiritual realms, rose quartz is often used to attract love, for love spells and charms. Rose quartz can also be helpful for dream recall and dream work. Emotionally, rose quartz is used to balance emotions and bring peace and calm. Fear, resentments, and anger can be removed.', 499, 'https://i0.wp.com/www.laurelnymph.com/wp-content/uploads/2017/05/rose-quartz-bracelet-silver-cuff-dangle-chain-sterling-925-handmade-gemstone-gothic-dark-antique-vintage-jewelry-5914c8021.jpg?fit=1500%2C1112&ssl=1', 1);
/*INSERT INTO `product` (`uid`, `product_name`, `product_description`, `price`, `photo`, `is_available`) VALUES (3, 'qui', 'Maiores esse est dolorem sunt et. Atque itaque voluptas quibusdam molestiae rerum nobis. Ducimus veniam laboriosam aut. Et explicabo dolorem sed dolorem dolorum.', 51909, '', 1);
INSERT INTO `product` (`uid`, `product_name`, `product_description`, `price`, `photo`, `is_available`) VALUES (4, 'deleniti', 'Quo veniam odio repellat qui repellendus. Autem iure voluptatem nihil et amet. Labore quis temporibus cumque ea illo id. Eveniet nihil qui est.', 642, '', 1);
INSERT INTO `product` (`uid`, `product_name`, `product_description`, `price`, `photo`, `is_available`) VALUES (5, 'dicta', 'Repellendus quos ex blanditiis est. Rem quia rerum aut nobis voluptatem ut. Saepe ducimus qui ipsa quis officiis nesciunt. Repellendus sed nemo sit nostrum.', 25098877, '', 1);
INSERT INTO `product` (`uid`, `product_name`, `product_description`, `price`, `photo`, `is_available`) VALUES (6, 'ipsum', 'Debitis ipsum nisi hic et suscipit. Unde odio eveniet corrupti et neque dolore ut ut. Enim veniam et velit quisquam. Labore qui dolores vitae perspiciatis tempore.', 1217, '', 0);
INSERT INTO `product` (`uid`, `product_name`, `product_description`, `price`, `photo`, `is_available`) VALUES (7, 'blanditiis', 'Iure aliquid molestias culpa modi nulla aliquam distinctio. Voluptatibus impedit voluptas repellendus corrupti aut ut. Tempora facilis laboriosam quia et facilis pariatur id velit.', 239468, '', 0);
INSERT INTO `product` (`uid`, `product_name`, `product_description`, `price`, `photo`, `is_available`) VALUES (8, 'fugiat', 'Accusantium possimus itaque rerum magnam. Quam alias suscipit vero repellendus. Ex id ea soluta voluptate error. Saepe sint in dolorem voluptates nesciunt voluptas.', 34766, '', 1);
INSERT INTO `product` (`uid`, `product_name`, `product_description`, `price`, `photo`, `is_available`) VALUES (9, 'deleniti', 'Sint deleniti et at quis. In minima aut ratione porro unde est. Quidem earum totam adipisci et. Ex praesentium laudantium explicabo modi quos voluptas impedit facilis.', 12633, '', 0);
INSERT INTO `product` (`uid`, `product_name`, `product_description`, `price`, `photo`, `is_available`) VALUES (10, 'et', 'Explicabo et quas id voluptatem et delectus. Qui itaque deserunt est ab recusandae voluptatibus ad nulla. Doloremque ut neque neque est magni.', 24603325, '', 1);
INSERT INTO `product` (`uid`, `product_name`, `product_description`, `price`, `photo`, `is_available`) VALUES (11, 'nesciunt', 'Quis quam est excepturi perferendis ipsam quam velit. Enim aut eius occaecati. Dolores aut sint perferendis in est aliquid.', 417020, '', 0);
INSERT INTO `product` (`uid`, `product_name`, `product_description`, `price`, `photo`, `is_available`) VALUES (12, 'molestiae', 'Sed est aperiam quae pariatur. Quas unde voluptas quas et ut. Eum rerum mollitia commodi aut autem cupiditate.', 766, '', 1);
INSERT INTO `product` (`uid`, `product_name`, `product_description`, `price`, `photo`, `is_available`) VALUES (13, 'nam', 'In quia non ullam et. In eos architecto veritatis nulla voluptatibus harum. Est sit voluptatem libero ullam sed perspiciatis quidem.', 140, '', 0);
INSERT INTO `product` (`uid`, `product_name`, `product_description`, `price`, `photo`, `is_available`) VALUES (14, 'debitis', 'Necessitatibus totam et consequuntur rerum consequatur. Et eligendi autem et pariatur. Qui maiores dolore ut.', 23847675, '', 1);
INSERT INTO `product` (`uid`, `product_name`, `product_description`, `price`, `photo`, `is_available`) VALUES (15, 'ipsam', 'Adipisci vero magnam ut optio ipsum similique tempora. Ipsum nisi odio eum iusto sapiente et sunt. Libero eligendi aut amet sint praesentium voluptatem eveniet. Voluptatum qui animi aut qui.', 0, '', 0);
INSERT INTO `product` (`uid`, `product_name`, `product_description`, `price`, `photo`, `is_available`) VALUES (16, 'harum', 'Deserunt et dolorem vel non. Molestias dolor laudantium dolor nihil. Alias ducimus libero beatae asperiores. Inventore quo dolorem velit et eligendi ut.', 76905399, '', 0);
INSERT INTO `product` (`uid`, `product_name`, `product_description`, `price`, `photo`, `is_available`) VALUES (17, 'aperiam', 'Optio consequatur rerum accusamus vitae sed iure. Voluptatem eius in beatae ea est reiciendis quo. In voluptatibus quam officia vel deserunt in est sint.', 25585, '', 0);
INSERT INTO `product` (`uid`, `product_name`, `product_description`, `price`, `photo`, `is_available`) VALUES (18, 'incidunt', 'Sit accusantium incidunt voluptate deleniti maxime harum aut. Quis enim eos fuga voluptatem. Qui ratione ad et aut numquam voluptatem sint.', 648036, '', 0);
INSERT INTO `product` (`uid`, `product_name`, `product_description`, `price`, `photo`, `is_available`) VALUES (19, 'beatae', 'Rerum sunt voluptates culpa officiis ut. Facere officiis dolore et consequatur reprehenderit officiis. Et officiis et iure dolore labore.', 175, '', 0);
INSERT INTO `product` (`uid`, `product_name`, `product_description`, `price`, `photo`, `is_available`) VALUES (20, 'itaque', 'Ut ipsum dolorum dolor et nihil. Ut voluptatum incidunt pariatur. Accusamus dignissimos fugit voluptatem sapiente et.', 29, '', 1);
INSERT INTO `product` (`uid`, `product_name`, `product_description`, `price`, `photo`, `is_available`) VALUES (21, 'architecto', 'Rerum excepturi est eveniet est sed ipsa mollitia. Odit earum officiis vitae quia. Voluptatem eveniet eveniet autem voluptatem sunt sint similique ab.', 33252048, '', 0);
INSERT INTO `product` (`uid`, `product_name`, `product_description`, `price`, `photo`, `is_available`) VALUES (22, 'laboriosam', 'Architecto mollitia est sunt quo veritatis. Beatae qui aut numquam beatae perferendis et. Officia aut quibusdam consequuntur distinctio omnis natus. Modi veniam quis neque soluta.', 0, '', 0);
INSERT INTO `product` (`uid`, `product_name`, `product_description`, `price`, `photo`, `is_available`) VALUES (23, 'optio', 'Dolorem aperiam deleniti modi temporibus. Iusto et et temporibus labore eligendi excepturi assumenda delectus. Natus quisquam iusto ut. Itaque possimus soluta sit.', 90194490, '', 1);
INSERT INTO `product` (`uid`, `product_name`, `product_description`, `price`, `photo`, `is_available`) VALUES (24, 'qui', 'Enim nihil quos impedit quis placeat qui beatae. Laborum quidem maxime esse exercitationem. Blanditiis consequatur ut laboriosam consequatur quidem ea nobis quisquam. Quas expedita et aut quisquam.', 28006898, '', 1);
INSERT INTO `product` (`uid`, `product_name`, `product_description`, `price`, `photo`, `is_available`) VALUES (25, 'est', 'Sed corporis et voluptates modi quos possimus ut. Vitae eveniet delectus praesentium enim sint. Tenetur nisi omnis eveniet voluptatibus magnam dicta hic a. Atque illo deserunt est occaecati.', 0, '', 0);
INSERT INTO `product` (`uid`, `product_name`, `product_description`, `price`, `photo`, `is_available`) VALUES (26, 'consequatur', 'Quo itaque dolorem sapiente inventore neque quis et. Libero omnis nostrum qui inventore omnis soluta. Corporis quas ex ut et vitae in voluptate. Voluptatum non in et molestiae ad quia aut.', 9, '', 1);
INSERT INTO `product` (`uid`, `product_name`, `product_description`, `price`, `photo`, `is_available`) VALUES (27, 'deserunt', 'Eligendi ipsum itaque odio. Velit dolorum id error quos deserunt eius.', 0, '', 0);
INSERT INTO `product` (`uid`, `product_name`, `product_description`, `price`, `photo`, `is_available`) VALUES (28, 'voluptatem', 'Debitis nam enim accusantium ut molestiae aspernatur. Ut ea dolores quod veritatis repellat eveniet temporibus vitae. Expedita ab fugiat qui. Eveniet ad laudantium nobis odio debitis.', 137, '', 0);
INSERT INTO `product` (`uid`, `product_name`, `product_description`, `price`, `photo`, `is_available`) VALUES (29, 'repellat', 'Quos dolores tempora delectus non. Ipsam voluptatem unde rerum rerum ipsam numquam. Magnam ducimus sed necessitatibus excepturi id voluptate.', 25868623, '', 1);
INSERT INTO `product` (`uid`, `product_name`, `product_description`, `price`, `photo`, `is_available`) VALUES (30, 'quo', 'Numquam in deserunt modi blanditiis architecto. Mollitia sapiente quibusdam ut suscipit error et. At quasi et cum qui assumenda.', 13002, '', 1);
INSERT INTO `product` (`uid`, `product_name`, `product_description`, `price`, `photo`, `is_available`) VALUES (31, 'impedit', 'Quam deserunt sed accusamus ipsam repellat iure. Qui enim tenetur in incidunt asperiores voluptatibus provident id. Et animi quia quisquam enim nihil ipsum.', 7029662, '', 0);
INSERT INTO `product` (`uid`, `product_name`, `product_description`, `price`, `photo`, `is_available`) VALUES (32, 'aut', 'Atque incidunt aliquid enim inventore minima quia. Adipisci dolor qui consequuntur ut error.', 1793415, '', 1);
INSERT INTO `product` (`uid`, `product_name`, `product_description`, `price`, `photo`, `is_available`) VALUES (33, 'ut', 'Velit animi maxime laudantium reiciendis expedita. Vitae dolorum fugit architecto quia in voluptatem placeat. Ad nisi odit fuga ea optio voluptatem ut.', 2349003, '', 0);
INSERT INTO `product` (`uid`, `product_name`, `product_description`, `price`, `photo`, `is_available`) VALUES (34, 'quas', 'Reiciendis qui fugiat non iste dolorem et magnam laudantium. Et dolores earum est corrupti.', 1834327, '', 0);
INSERT INTO `product` (`uid`, `product_name`, `product_description`, `price`, `photo`, `is_available`) VALUES (35, 'est', 'Autem maxime vel nisi voluptas. Tenetur quis doloremque rerum dolorem et non velit. Distinctio iusto molestiae ad.', 2326483, '', 1);
INSERT INTO `product` (`uid`, `product_name`, `product_description`, `price`, `photo`, `is_available`) VALUES (36, 'hic', 'Corporis quisquam cupiditate suscipit. Enim in fuga laboriosam. Nam et et est perferendis et laboriosam. Ad minus sed est cupiditate consequatur.', 4, '', 0);
INSERT INTO `product` (`uid`, `product_name`, `product_description`, `price`, `photo`, `is_available`) VALUES (37, 'autem', 'Est nobis magnam cum adipisci corporis suscipit. Placeat magni ducimus sit suscipit quia fugit quaerat. Ut quia molestias facere odit voluptas. Autem recusandae ex qui adipisci dolorem ipsam.', 10339, '', 1);
INSERT INTO `product` (`uid`, `product_name`, `product_description`, `price`, `photo`, `is_available`) VALUES (38, 'explicabo', 'Sed reiciendis qui quia culpa. Vel sed ratione iusto iusto rem sequi. Eaque et eaque corrupti id.', 539933050, '', 1);
INSERT INTO `product` (`uid`, `product_name`, `product_description`, `price`, `photo`, `is_available`) VALUES (39, 'quam', 'Sunt autem pariatur et quia nisi dolore et. Atque placeat sapiente quo natus similique dolorum. Nam sint et consectetur aut et omnis totam.', 142, '', 0);
INSERT INTO `product` (`uid`, `product_name`, `product_description`, `price`, `photo`, `is_available`) VALUES (40, 'soluta', 'Nihil et enim omnis inventore laudantium quaerat cupiditate. Est est et natus. Ipsa voluptatum qui eos asperiores delectus.', 517472, '', 0);
INSERT INTO `product` (`uid`, `product_name`, `product_description`, `price`, `photo`, `is_available`) VALUES (41, 'harum', 'Omnis repudiandae natus vero earum officia rerum. Et temporibus necessitatibus est magni nulla. Nihil ut ut voluptas earum alias in.', 0, '', 1);
INSERT INTO `product` (`uid`, `product_name`, `product_description`, `price`, `photo`, `is_available`) VALUES (42, 'iure', 'Dolor minus vel ut quod. Expedita cum natus atque repellat. Assumenda reiciendis eum officiis.', 75, '', 0);
INSERT INTO `product` (`uid`, `product_name`, `product_description`, `price`, `photo`, `is_available`) VALUES (43, 'quae', 'Vero ea ut animi voluptatem. Sed iure dolorum aut earum est nulla tenetur. Sed dolorum in magnam vero enim.', 5951860, '', 1);
INSERT INTO `product` (`uid`, `product_name`, `product_description`, `price`, `photo`, `is_available`) VALUES (44, 'distinctio', 'Veritatis dolorem animi vel distinctio quis optio excepturi. Quos cupiditate placeat necessitatibus quisquam ipsa dolor rerum. Doloribus ipsum debitis laboriosam porro.', 5489877, '', 0);
INSERT INTO `product` (`uid`, `product_name`, `product_description`, `price`, `photo`, `is_available`) VALUES (45, 'ex', 'Laborum ullam porro quia nihil. Ipsam mollitia consequatur consectetur aspernatur dolores quisquam ratione. Expedita quas aperiam aut dicta. Et aperiam neque minima nesciunt incidunt.', 4, '', 0);
INSERT INTO `product` (`uid`, `product_name`, `product_description`, `price`, `photo`, `is_available`) VALUES (46, 'ut', 'Consequatur nam architecto adipisci nostrum ea non. Non quia numquam qui quis aut. Consectetur possimus possimus magni aut in est qui.', 3744, '', 1);
INSERT INTO `product` (`uid`, `product_name`, `product_description`, `price`, `photo`, `is_available`) VALUES (47, 'eligendi', 'Qui magnam aliquid facilis eaque. Delectus velit repudiandae minima doloremque architecto velit cum.', 325, '', 1);
INSERT INTO `product` (`uid`, `product_name`, `product_description`, `price`, `photo`, `is_available`) VALUES (48, 'et', 'Mollitia modi eveniet ipsum non assumenda facere. Amet aut quia assumenda molestiae voluptatem voluptatem. Officia unde sit doloribus voluptatem qui.', 5224699, '', 0);
INSERT INTO `product` (`uid`, `product_name`, `product_description`, `price`, `photo`, `is_available`) VALUES (49, 'totam', 'Eos et nam iure. Est deleniti eos non voluptatum quia debitis. Et sed sit consequuntur doloremque nobis. Ducimus quia omnis dolorem illum veritatis consectetur sit.', 36, '', 0);
INSERT INTO `product` (`uid`, `product_name`, `product_description`, `price`, `photo`, `is_available`) VALUES (50, 'esse', 'Velit culpa laudantium eius inventore magnam sit. Ut non est beatae voluptatem voluptatem nam nesciunt. Consequatur repudiandae enim similique in. Ex minus et dolorem rerum non qui sunt repellat.', 10, '', 0);
INSERT INTO `product` (`uid`, `product_name`, `product_description`, `price`, `photo`, `is_available`) VALUES (51, 'molestiae', 'Rem quia et iure ab. Blanditiis accusamus harum ipsa et ut et. Culpa deserunt distinctio quibusdam qui laboriosam nam nulla qui. Natus non aut libero iure dolor maxime dolore.', 82, '', 0);
INSERT INTO `product` (`uid`, `product_name`, `product_description`, `price`, `photo`, `is_available`) VALUES (52, 'dicta', 'Aut temporibus voluptatem rerum placeat quisquam ad autem. Rerum veniam quis qui pariatur officia. Hic adipisci vel ut suscipit. Est aut iure est sunt.', 22, '', 1);
INSERT INTO `product` (`uid`, `product_name`, `product_description`, `price`, `photo`, `is_available`) VALUES (53, 'quisquam', 'Error debitis laboriosam est nulla dolorem. Voluptate omnis aut itaque in odit culpa sint. Reiciendis quis aut dolorem nobis. Id dolor voluptatem non maiores animi.', 2075, '', 1);
INSERT INTO `product` (`uid`, `product_name`, `product_description`, `price`, `photo`, `is_available`) VALUES (54, 'et', 'Cum ducimus corporis animi nobis perferendis. Et et sint aut praesentium. Provident ut deserunt enim maxime ex quibusdam commodi. Modi minus consequatur doloribus praesentium omnis ut.', 40594, '', 0);
INSERT INTO `product` (`uid`, `product_name`, `product_description`, `price`, `photo`, `is_available`) VALUES (55, 'nam', 'Accusamus porro corrupti quia dignissimos rerum placeat corrupti adipisci. Consequatur ipsa et commodi aut in voluptates sit odit.', 1007571, '', 1);
INSERT INTO `product` (`uid`, `product_name`, `product_description`, `price`, `photo`, `is_available`) VALUES (56, 'ut', 'Quod alias cum iusto molestiae est fugit dolorem. Non et sit quia nam rerum illum. Neque accusamus quia facilis voluptas.', 527527, '', 1);
INSERT INTO `product` (`uid`, `product_name`, `product_description`, `price`, `photo`, `is_available`) VALUES (57, 'quae', 'Voluptas ut totam molestiae qui aliquid. Nesciunt incidunt accusamus molestiae accusamus et. Eaque non ducimus quaerat placeat porro non non. Et tempore cum autem accusantium.', 27280, '', 0);
INSERT INTO `product` (`uid`, `product_name`, `product_description`, `price`, `photo`, `is_available`) VALUES (58, 'esse', 'Tempore aperiam quis aut qui et. Et saepe consequatur commodi cum earum rerum modi. Quae omnis sint laudantium reiciendis ea. Doloremque deleniti qui fugit illo aut laudantium.', 0, '', 0);
INSERT INTO `product` (`uid`, `product_name`, `product_description`, `price`, `photo`, `is_available`) VALUES (59, 'voluptas', 'Porro quo est quis perspiciatis. Alias eos non dicta ut voluptatem est dignissimos.\nDolores ipsam sit qui odit cum. Id ex at nisi voluptatem inventore.', 36330, '', 0);
INSERT INTO `product` (`uid`, `product_name`, `product_description`, `price`, `photo`, `is_available`) VALUES (60, 'doloremque', 'Similique id aut magni facere et commodi. Similique qui fugiat nihil beatae. Ipsam distinctio quas quo magni animi. Quia aut possimus modi quisquam. Impedit libero ut eum animi.', 17370, '', 0);
INSERT INTO `product` (`uid`, `product_name`, `product_description`, `price`, `photo`, `is_available`) VALUES (61, 'reiciendis', 'Quod quod voluptate eum aut sapiente. Possimus perferendis veritatis sed ut. Quas blanditiis sapiente incidunt quidem ullam omnis nihil. Aut voluptates et ipsam in.', 7875843, '', 0);
INSERT INTO `product` (`uid`, `product_name`, `product_description`, `price`, `photo`, `is_available`) VALUES (62, 'laborum', 'Tenetur et qui aut labore. Quia esse quae nemo. Labore ut aut consectetur laudantium nisi repudiandae mollitia. Delectus nulla maxime esse ut non magni iure.', 450403, '', 1);
INSERT INTO `product` (`uid`, `product_name`, `product_description`, `price`, `photo`, `is_available`) VALUES (63, 'maxime', 'Aspernatur dolorum consequatur minima. Cumque cum ullam qui natus debitis et quia illo. Ut qui fugit cupiditate.', 0, '', 1);
INSERT INTO `product` (`uid`, `product_name`, `product_description`, `price`, `photo`, `is_available`) VALUES (64, 'doloribus', 'Quia dolorem vel laborum quis adipisci minima. Quibusdam ratione laudantium id repellendus quaerat mollitia ad eaque. Adipisci itaque quia consequatur rem placeat non natus.', 40860469, '', 1);
INSERT INTO `product` (`uid`, `product_name`, `product_description`, `price`, `photo`, `is_available`) VALUES (65, 'et', 'Et aliquid similique repudiandae. Quo molestiae similique quos in mollitia expedita. Odio molestiae iure ad repellat atque ipsa repellendus. Animi similique velit eveniet et aut dolor.', 15537728, '', 1);
INSERT INTO `product` (`uid`, `product_name`, `product_description`, `price`, `photo`, `is_available`) VALUES (66, 'amet', 'Sed ipsum et voluptas omnis quis corrupti. Qui culpa dolor suscipit vero assumenda sed voluptas. Molestias voluptate minima non aspernatur ullam incidunt.', 11199, '', 0);
INSERT INTO `product` (`uid`, `product_name`, `product_description`, `price`, `photo`, `is_available`) VALUES (67, 'et', 'In molestias est fugiat accusamus voluptatem minus. Magni unde nostrum quod. Nihil est praesentium aut tempore sit.', 9702, '', 0);
INSERT INTO `product` (`uid`, `product_name`, `product_description`, `price`, `photo`, `is_available`) VALUES (68, 'nihil', 'Dolore blanditiis vel rerum sunt voluptas non dignissimos accusantium. Est suscipit quo est est ratione sapiente.', 93484922, '', 1);
INSERT INTO `product` (`uid`, `product_name`, `product_description`, `price`, `photo`, `is_available`) VALUES (69, 'necessitatibus', 'Et fuga quisquam et cumque. Ab aut et nulla consequatur magnam qui. Quos quis maiores quos voluptas illum eveniet praesentium. Molestias accusantium ea similique id perferendis inventore.', 70, '', 0);
INSERT INTO `product` (`uid`, `product_name`, `product_description`, `price`, `photo`, `is_available`) VALUES (70, 'ut', 'Et placeat non rerum. Eveniet magnam deserunt ab vel. Veniam consequatur fugit autem pariatur dolore magni non. Ut dolorum atque vel officia.', 86, '', 0);
INSERT INTO `product` (`uid`, `product_name`, `product_description`, `price`, `photo`, `is_available`) VALUES (71, 'enim', 'Inventore commodi porro ad aut tempore rerum eveniet atque. Vitae nesciunt sint et. Quis sapiente non adipisci necessitatibus provident perferendis ut. Exercitationem dolorem quasi consequatur ut.', 0, '', 0);
INSERT INTO `product` (`uid`, `product_name`, `product_description`, `price`, `photo`, `is_available`) VALUES (72, 'earum', 'Voluptas veniam et aspernatur quo vitae et et. Ipsa aspernatur corrupti tenetur laborum aut enim dolor. Qui possimus eaque aspernatur quos ut.', 1472, '', 1);
INSERT INTO `product` (`uid`, `product_name`, `product_description`, `price`, `photo`, `is_available`) VALUES (73, 'officia', 'Repudiandae perferendis distinctio enim molestiae blanditiis ipsum voluptas. Sed qui fugiat quia praesentium quos eaque est. Unde minima esse illum.', 38554387, '', 0);
INSERT INTO `product` (`uid`, `product_name`, `product_description`, `price`, `photo`, `is_available`) VALUES (74, 'et', 'Doloribus et vel eum aut. Ratione vitae odit qui enim. Quod reiciendis nihil praesentium accusamus nulla qui doloremque quas. Deserunt provident est quod omnis inventore.', 3, '', 1);
INSERT INTO `product` (`uid`, `product_name`, `product_description`, `price`, `photo`, `is_available`) VALUES (75, 'enim', 'Quasi facilis et porro est debitis ratione. Est maiores in commodi qui nesciunt sit. Et necessitatibus voluptas vero accusamus est.', 112, '', 1);
INSERT INTO `product` (`uid`, `product_name`, `product_description`, `price`, `photo`, `is_available`) VALUES (76, 'recusandae', 'Facilis deleniti neque autem et nihil rerum qui. Nihil et aliquam nesciunt minima laboriosam.', 5645, '', 0);
INSERT INTO `product` (`uid`, `product_name`, `product_description`, `price`, `photo`, `is_available`) VALUES (77, 'voluptatem', 'Nemo reprehenderit non tempore et officiis. Quod reiciendis ut et laborum nisi omnis eum. Quidem rem eveniet minima molestias.', 306816, '', 0);
INSERT INTO `product` (`uid`, `product_name`, `product_description`, `price`, `photo`, `is_available`) VALUES (78, 'facere', 'Fuga eos ex repellendus maiores. Expedita doloremque nam veritatis maxime optio eligendi ducimus. Beatae qui atque dolorem.', 7102114, '', 1);
INSERT INTO `product` (`uid`, `product_name`, `product_description`, `price`, `photo`, `is_available`) VALUES (79, 'et', 'Minus omnis itaque eos consequatur. Alias voluptas neque debitis. Ut quo ut explicabo nobis dolores reprehenderit omnis. Quam quisquam quis omnis quaerat non.', 650441, '', 0);
INSERT INTO `product` (`uid`, `product_name`, `product_description`, `price`, `photo`, `is_available`) VALUES (80, 'ratione', 'Mollitia expedita nostrum velit dolore eligendi cupiditate. Ipsam exercitationem quo sint iure omnis. Magnam sed rerum adipisci a vel magnam similique. Voluptas quisquam nulla eum.', 25263296, '', 1);
INSERT INTO `product` (`uid`, `product_name`, `product_description`, `price`, `photo`, `is_available`) VALUES (81, 'a', 'Atque ea suscipit nesciunt qui. Quis quod quo deserunt consequatur. Veniam ea enim est illum.', 8460456, '', 1);
INSERT INTO `product` (`uid`, `product_name`, `product_description`, `price`, `photo`, `is_available`) VALUES (82, 'dolor', 'At nam nobis nulla ut soluta velit. Aliquid velit quia maxime voluptas enim ut explicabo. Ea magni fuga rem explicabo aliquid.', 465581959, '', 0);
INSERT INTO `product` (`uid`, `product_name`, `product_description`, `price`, `photo`, `is_available`) VALUES (83, 'ut', 'Suscipit ipsam cum dolore ut dolores. Aut alias voluptate fugit ut unde nesciunt. Accusantium doloremque deleniti alias dolorem vitae. Vero ex eaque porro.', 3513, '', 0);
INSERT INTO `product` (`uid`, `product_name`, `product_description`, `price`, `photo`, `is_available`) VALUES (84, 'ut', 'Exercitationem aut labore qui cum tempora inventore perferendis. Earum ipsa itaque inventore quos est.', 9, '', 0);
INSERT INTO `product` (`uid`, `product_name`, `product_description`, `price`, `photo`, `is_available`) VALUES (85, 'optio', 'Voluptatem est qui sunt dolores dolores sit. Qui ipsum culpa minima pariatur ut et. Nisi nisi impedit in et voluptatem. Harum doloremque rerum molestiae quis voluptatem.', 3398670, '', 0);
INSERT INTO `product` (`uid`, `product_name`, `product_description`, `price`, `photo`, `is_available`) VALUES (86, 'et', 'Et sit vel et voluptatem similique a. Ipsa rem et explicabo unde voluptatem rerum. Dolore et tenetur nihil odit dolorem omnis. Distinctio tempora dignissimos quis.', 52826986, '', 1);
INSERT INTO `product` (`uid`, `product_name`, `product_description`, `price`, `photo`, `is_available`) VALUES (87, 'labore', 'Voluptas iure iste dignissimos distinctio delectus et. Quod et iure et nostrum quia dolor. Itaque et omnis corrupti assumenda sunt. Perspiciatis et ea numquam et molestias.', 29566831, '', 0);
INSERT INTO `product` (`uid`, `product_name`, `product_description`, `price`, `photo`, `is_available`) VALUES (88, 'neque', 'Sed non vel eos fuga. Ut doloremque aperiam incidunt voluptatum saepe tempora. Architecto et tempore assumenda quod hic.', 264, '', 1);
INSERT INTO `product` (`uid`, `product_name`, `product_description`, `price`, `photo`, `is_available`) VALUES (89, 'ea', 'Nihil non et unde molestias recusandae ea a. Ad mollitia dolor tenetur. Quis quasi aut eligendi error. Et maiores ipsam dolorem necessitatibus.', 41, '', 1);
INSERT INTO `product` (`uid`, `product_name`, `product_description`, `price`, `photo`, `is_available`) VALUES (90, 'consequatur', 'Omnis recusandae fugiat est qui nobis dolorem ut. Id doloribus consequatur sint recusandae et. Dolorem aut voluptates quibusdam consectetur mollitia quia minima. Et est et veniam ratione voluptates.', 122, '', 1);
INSERT INTO `product` (`uid`, `product_name`, `product_description`, `price`, `photo`, `is_available`) VALUES (91, 'consequatur', 'Ut molestiae qui commodi ratione quaerat et commodi. Cum quo quo esse vel earum. Est soluta nostrum facilis. Culpa ex quia atque non sit.', 86076, '', 1);
INSERT INTO `product` (`uid`, `product_name`, `product_description`, `price`, `photo`, `is_available`) VALUES (92, 'aut', 'Nesciunt accusantium libero possimus aliquid illo id. Quia quia est suscipit excepturi. Animi deleniti quaerat quibusdam nihil et laboriosam.', 537, '', 0);
INSERT INTO `product` (`uid`, `product_name`, `product_description`, `price`, `photo`, `is_available`) VALUES (93, 'animi', 'Error et tempore at ea. Est dolorem qui est quis sed amet minus. Inventore sint voluptatum consequatur cumque. Ex et ab numquam mollitia.', 3788, '', 0);
INSERT INTO `product` (`uid`, `product_name`, `product_description`, `price`, `photo`, `is_available`) VALUES (94, 'quia', 'Laborum earum excepturi sit quasi expedita voluptate exercitationem. Dolorem expedita fugit corporis odit beatae molestiae. Ut aspernatur nobis hic et nobis eum voluptatibus quia.', 29902, '', 0);
INSERT INTO `product` (`uid`, `product_name`, `product_description`, `price`, `photo`, `is_available`) VALUES (95, 'voluptatem', 'Beatae omnis exercitationem in neque. Optio occaecati deleniti eius non. Ratione voluptatem eligendi debitis aut. Unde aut harum corrupti dicta et. Cum illum ut ipsam quas est.', 56643, '', 0);
INSERT INTO `product` (`uid`, `product_name`, `product_description`, `price`, `photo`, `is_available`) VALUES (96, 'omnis', 'Neque quisquam dolorum doloribus ratione quibusdam quod eos doloremque. Iusto eius ut voluptatem et vitae eligendi ipsa velit. Esse sint ut pariatur soluta consequuntur architecto qui magnam.', 43870, '', 0);
INSERT INTO `product` (`uid`, `product_name`, `product_description`, `price`, `photo`, `is_available`) VALUES (97, 'amet', 'Placeat optio non quibusdam ad. Eum officiis ad asperiores voluptates eum. Et consequatur nihil cum ea reiciendis sunt a qui. Esse laudantium aut pariatur beatae voluptatibus consequuntur.', 0, '', 1);
INSERT INTO `product` (`uid`, `product_name`, `product_description`, `price`, `photo`, `is_available`) VALUES (98, 'corrupti', 'Est repellat vel maiores quia et. Atque illo quae necessitatibus. Dolorum quaerat optio id iste velit.', 435, '', 0);
INSERT INTO `product` (`uid`, `product_name`, `product_description`, `price`, `photo`, `is_available`) VALUES (99, 'modi', 'Repellat aut quis voluptatum unde est accusantium. Inventore facere soluta molestiae quasi. Ducimus nobis quasi nesciunt voluptas possimus quos rem.', 0, '', 1);
INSERT INTO `product` (`uid`, `product_name`, `product_description`, `price`, `photo`, `is_available`) VALUES (100, 'minus', 'Quo dicta sed in totam velit ut dicta. Aspernatur error molestias vel amet voluptas. Maiores quod eaque eius excepturi.', 590272, '', 0);

*/
INSERT INTO `product` (`uid`, `product_name`, `product_description`, `price`, `photo`, `is_available`) VALUES (101,'tiny gold jewelry box', 'Tiny gold jewelry box for your things',400, 'https://images.freeimages.com/images/large-previews/8e6/tiny-gold-jewelry-box-1425092.jpg',1);
INSERT INTO `product` (`uid`, `product_name`, `product_description`, `price`, `photo`, `is_available`) VALUES (102,'shell pendant', 'Shell pendant for your voyages', 250, 'https://images.freeimages.com/images/large-previews/1a8/jewelry-series-1-1516743.jpg',1);
INSERT INTO `product` (`uid`, `product_name`, `product_description`, `price`, `photo`, `is_available`) VALUES (103,'bracelet', 'Bracelet', 300, 'https://images.freeimages.com/images/large-previews/033/bracelet-1529510.jpg',1);
INSERT INTO `product` (`uid`, `product_name`, `product_description`, `price`, `photo`, `is_available`) VALUES (104,'brown wrist watch', 'Wrist watch with a brown watchband', 1500, 'https://images.freeimages.com/images/large-previews/5c6/sri-watch-1-1198442.jpg',0);
INSERT INTO `product` (`uid`, `product_name`, `product_description`, `price`, `photo`, `is_available`) VALUES (105,'butterfly pendant', 'Pendant with a butterfly', 350, 'https://images.freeimages.com/images/large-previews/0d0/bijoux-1185254.jpg',1);
INSERT INTO `product` (`uid`, `product_name`, `product_description`, `price`, `photo`, `is_available`) VALUES (106,'ring with a green gemstone', 'Ring with a green gemstone', 1200, 'https://images.freeimages.com/images/large-previews/521/accessories-5-1426954.jpg',1);
INSERT INTO `product` (`uid`, `product_name`, `product_description`, `price`, `photo`, `is_available`) VALUES (107,'ring with a yellow gemstone', 'Ring with a yellow gemstone', 1600, 'https://images.freeimages.com/images/large-previews/abe/bracelet-1-1424771.jpg',0);
INSERT INTO `product` (`uid`, `product_name`, `product_description`, `price`, `photo`, `is_available`) VALUES (108,'violet bell', 'Violet bell', 150, 'https://images.freeimages.com/images/large-previews/6b9/purple-bell-1413716.jpg',1);
INSERT INTO `product` (`uid`, `product_name`, `product_description`, `price`, `photo`, `is_available`) VALUES (109,'yellow gloves', 'yellow gloves', 200, 'https://images.freeimages.com/images/large-previews/4c3/gloves-1421253.jpg',1);
INSERT INTO `product` (`uid`, `product_name`, `product_description`, `price`, `photo`, `is_available`) VALUES (110,'metal wrist watch','Wrist watch of metal', 5000, 'https://images.freeimages.com/images/large-previews/72b/hand-watch-1414683.jpg',1);
INSERT INTO `product` (`uid`, `product_name`, `product_description`, `price`, `photo`, `is_available`) VALUES (111,'red refrigerator', 'Red mini refrigerator', 4000, 'https://images.freeimages.com/images/large-previews/578/refrigerator-1195164.jpg',1);
INSERT INTO `product` (`uid`, `product_name`, `product_description`, `price`, `photo`, `is_available`) VALUES (112,'home stove', 'Home stove', 6000, 'https://images.freeimages.com/images/large-previews/b25/home-stove-1426468.jpg',1);
INSERT INTO `product` (`uid`, `product_name`, `product_description`, `price`, `photo`, `is_available`) VALUES (113,'iron', 'Iron', 1200, 'https://images.freeimages.com/images/large-previews/119/iron-1467058.jpg',0);
INSERT INTO `product` (`uid`, `product_name`, `product_description`, `price`, `photo`, `is_available`) VALUES (114,'vacuum cleaner', 'Vacuum cleaner', 3000, 'https://images.freeimages.com/images/large-previews/27d/vacuum-cleaner-1191384.jpg',1);
INSERT INTO `product` (`uid`, `product_name`, `product_description`, `price`, `photo`, `is_available`) VALUES (115,'lamp','Lamp with a candle', 350, 'https://images.freeimages.com/images/large-previews/111/lamp-1423564.jpg',0);
INSERT INTO `product` (`uid`, `product_name`, `product_description`, `price`, `photo`, `is_available`) VALUES (116,'plasma TV', 'Plasma TV', 8000, 'https://images.freeimages.com/images/large-previews/7c9/plasma-tv-1422857.jpg',1);
INSERT INTO `product` (`uid`, `product_name`, `product_description`, `price`, `photo`, `is_available`) VALUES (117,'washing machine', 'Washing machine', 7000,'https://images.freeimages.com/images/large-previews/027/washing-machine-1418432.jpg',0);
INSERT INTO `product` (`uid`, `product_name`, `product_description`, `price`, `photo`, `is_available`) VALUES (118,'golden earring', 'Golden earrings', 1000, 'https://images.freeimages.com/images/large-previews/324/golden-earring-4-1472393.jpg',0);
INSERT INTO `product` (`uid`, `product_name`, `product_description`, `price`, `photo`, `is_available`) VALUES (119,'retro boombox', 'Retro boombox', 1800, 'https://gratisography.com/thumbnails/gratisography-371-thumbnail.jpg',1);
INSERT INTO `product` (`uid`, `product_name`, `product_description`, `price`, `photo`, `is_available`) VALUES (120,'microwave oven', 'Microwave oven', 2300,'https://images.freeimages.com/images/large-previews/dca/microwave-oven-1-1413667.jpg',1);

/*
INSERT INTO `product_category` (`category_id`, `product_id`) VALUES (1, 15);
INSERT INTO `product_category` (`category_id`, `product_id`) VALUES (1, 18);
INSERT INTO `product_category` (`category_id`, `product_id`) VALUES (1, 35);
INSERT INTO `product_category` (`category_id`, `product_id`) VALUES (1, 43);
INSERT INTO `product_category` (`category_id`, `product_id`) VALUES (1, 44);
INSERT INTO `product_category` (`category_id`, `product_id`) VALUES (1, 48);
INSERT INTO `product_category` (`category_id`, `product_id`) VALUES (1, 57);
INSERT INTO `product_category` (`category_id`, `product_id`) VALUES (1, 66);
INSERT INTO `product_category` (`category_id`, `product_id`) VALUES (1, 74);
INSERT INTO `product_category` (`category_id`, `product_id`) VALUES (1, 79);
INSERT INTO `product_category` (`category_id`, `product_id`) VALUES (1, 98);
INSERT INTO `product_category` (`category_id`, `product_id`) VALUES (2, 9);
INSERT INTO `product_category` (`category_id`, `product_id`) VALUES (2, 14);
INSERT INTO `product_category` (`category_id`, `product_id`) VALUES (2, 32);
INSERT INTO `product_category` (`category_id`, `product_id`) VALUES (2, 36);
INSERT INTO `product_category` (`category_id`, `product_id`) VALUES (2, 44);
INSERT INTO `product_category` (`category_id`, `product_id`) VALUES (2, 47);
INSERT INTO `product_category` (`category_id`, `product_id`) VALUES (2, 57);
INSERT INTO `product_category` (`category_id`, `product_id`) VALUES (2, 61);
INSERT INTO `product_category` (`category_id`, `product_id`) VALUES (2, 64);
INSERT INTO `product_category` (`category_id`, `product_id`) VALUES (2, 65);
INSERT INTO `product_category` (`category_id`, `product_id`) VALUES (2, 67);
INSERT INTO `product_category` (`category_id`, `product_id`) VALUES (2, 69);
INSERT INTO `product_category` (`category_id`, `product_id`) VALUES (2, 74);
INSERT INTO `product_category` (`category_id`, `product_id`) VALUES (3, 17);
INSERT INTO `product_category` (`category_id`, `product_id`) VALUES (3, 21);
INSERT INTO `product_category` (`category_id`, `product_id`) VALUES (3, 28);
INSERT INTO `product_category` (`category_id`, `product_id`) VALUES (3, 57);
INSERT INTO `product_category` (`category_id`, `product_id`) VALUES (3, 84);
INSERT INTO `product_category` (`category_id`, `product_id`) VALUES (3, 86);
INSERT INTO `product_category` (`category_id`, `product_id`) VALUES (4, 5);
INSERT INTO `product_category` (`category_id`, `product_id`) VALUES (4, 8);
INSERT INTO `product_category` (`category_id`, `product_id`) VALUES (4, 29);
INSERT INTO `product_category` (`category_id`, `product_id`) VALUES (4, 42);
INSERT INTO `product_category` (`category_id`, `product_id`) VALUES (4, 58);
INSERT INTO `product_category` (`category_id`, `product_id`) VALUES (4, 72);
INSERT INTO `product_category` (`category_id`, `product_id`) VALUES (4, 77);
INSERT INTO `product_category` (`category_id`, `product_id`) VALUES (4, 81);
INSERT INTO `product_category` (`category_id`, `product_id`) VALUES (4, 85);
INSERT INTO `product_category` (`category_id`, `product_id`) VALUES (4, 96);
INSERT INTO `product_category` (`category_id`, `product_id`) VALUES (5, 15);
INSERT INTO `product_category` (`category_id`, `product_id`) VALUES (5, 21);
INSERT INTO `product_category` (`category_id`, `product_id`) VALUES (5, 32);
INSERT INTO `product_category` (`category_id`, `product_id`) VALUES (5, 43);
INSERT INTO `product_category` (`category_id`, `product_id`) VALUES (5, 46);
INSERT INTO `product_category` (`category_id`, `product_id`) VALUES (5, 50);
INSERT INTO `product_category` (`category_id`, `product_id`) VALUES (5, 81);
INSERT INTO `product_category` (`category_id`, `product_id`) VALUES (5, 90);
INSERT INTO `product_category` (`category_id`, `product_id`) VALUES (5, 91);
INSERT INTO `product_category` (`category_id`, `product_id`) VALUES (6, 2);
INSERT INTO `product_category` (`category_id`, `product_id`) VALUES (6, 12);
INSERT INTO `product_category` (`category_id`, `product_id`) VALUES (6, 15);
INSERT INTO `product_category` (`category_id`, `product_id`) VALUES (6, 49);
INSERT INTO `product_category` (`category_id`, `product_id`) VALUES (6, 52);
INSERT INTO `product_category` (`category_id`, `product_id`) VALUES (6, 54);
INSERT INTO `product_category` (`category_id`, `product_id`) VALUES (6, 59);
INSERT INTO `product_category` (`category_id`, `product_id`) VALUES (6, 66);
INSERT INTO `product_category` (`category_id`, `product_id`) VALUES (6, 87);
INSERT INTO `product_category` (`category_id`, `product_id`) VALUES (6, 90);
INSERT INTO `product_category` (`category_id`, `product_id`) VALUES (6, 96);
INSERT INTO `product_category` (`category_id`, `product_id`) VALUES (6, 99);
INSERT INTO `product_category` (`category_id`, `product_id`) VALUES (7, 2);
INSERT INTO `product_category` (`category_id`, `product_id`) VALUES (7, 18);
INSERT INTO `product_category` (`category_id`, `product_id`) VALUES (7, 34);
INSERT INTO `product_category` (`category_id`, `product_id`) VALUES (7, 37);
INSERT INTO `product_category` (`category_id`, `product_id`) VALUES (7, 42);
INSERT INTO `product_category` (`category_id`, `product_id`) VALUES (7, 43);
INSERT INTO `product_category` (`category_id`, `product_id`) VALUES (7, 59);
INSERT INTO `product_category` (`category_id`, `product_id`) VALUES (7, 60);
INSERT INTO `product_category` (`category_id`, `product_id`) VALUES (7, 64);
INSERT INTO `product_category` (`category_id`, `product_id`) VALUES (7, 72);
INSERT INTO `product_category` (`category_id`, `product_id`) VALUES (8, 1);
INSERT INTO `product_category` (`category_id`, `product_id`) VALUES (8, 4);
INSERT INTO `product_category` (`category_id`, `product_id`) VALUES (8, 18);
INSERT INTO `product_category` (`category_id`, `product_id`) VALUES (8, 35);
INSERT INTO `product_category` (`category_id`, `product_id`) VALUES (8, 50);
INSERT INTO `product_category` (`category_id`, `product_id`) VALUES (8, 52);
INSERT INTO `product_category` (`category_id`, `product_id`) VALUES (8, 58);
INSERT INTO `product_category` (`category_id`, `product_id`) VALUES (8, 75);
INSERT INTO `product_category` (`category_id`, `product_id`) VALUES (8, 83);
INSERT INTO `product_category` (`category_id`, `product_id`) VALUES (8, 85);
INSERT INTO `product_category` (`category_id`, `product_id`) VALUES (8, 89);
INSERT INTO `product_category` (`category_id`, `product_id`) VALUES (9, 23);
INSERT INTO `product_category` (`category_id`, `product_id`) VALUES (9, 31);
INSERT INTO `product_category` (`category_id`, `product_id`) VALUES (9, 41);
INSERT INTO `product_category` (`category_id`, `product_id`) VALUES (9, 59);
INSERT INTO `product_category` (`category_id`, `product_id`) VALUES (9, 72);
INSERT INTO `product_category` (`category_id`, `product_id`) VALUES (9, 80);
INSERT INTO `product_category` (`category_id`, `product_id`) VALUES (9, 100);
INSERT INTO `product_category` (`category_id`, `product_id`) VALUES (10, 1);
INSERT INTO `product_category` (`category_id`, `product_id`) VALUES (10, 3);
INSERT INTO `product_category` (`category_id`, `product_id`) VALUES (10, 14);
INSERT INTO `product_category` (`category_id`, `product_id`) VALUES (10, 18);
INSERT INTO `product_category` (`category_id`, `product_id`) VALUES (10, 23);
INSERT INTO `product_category` (`category_id`, `product_id`) VALUES (10, 29);
INSERT INTO `product_category` (`category_id`, `product_id`) VALUES (10, 32);
INSERT INTO `product_category` (`category_id`, `product_id`) VALUES (10, 56);
INSERT INTO `product_category` (`category_id`, `product_id`) VALUES (10, 79);
INSERT INTO `product_category` (`category_id`, `product_id`) VALUES (10, 90);
*/

INSERT INTO `state` (`state_name`) VALUES ('NEW');
INSERT INTO `state` (`state_name`) VALUES ('INPROGRESS');
INSERT INTO `state` (`state_name`) VALUES ('CANCELLED');
INSERT INTO `state` (`state_name`) VALUES ('DELIVERED');


/*
INSERT INTO `orders` (`uid`, `address`, `cash_payment`, `post_delivery`, `order_date`, `total_sum`, `user_id`, `state_id`) VALUES (1, '99421 Patience Keys Apt. 500\nNorth Rosa, OK 35026', 1, 0, '2018-06-12 17:07:38', 8964, 4, 4);
INSERT INTO `orders` (`uid`, `address`, `cash_payment`, `post_delivery`, `order_date`, `total_sum`, `user_id`, `state_id`) VALUES (2, '75763 Ena Canyon Suite 266\nOthastad, IA 96539', 0, 1, '2019-07-03 15:27:25', 9467, 46, 3);
INSERT INTO `orders` (`uid`, `address`, `cash_payment`, `post_delivery`, `order_date`, `total_sum`, `user_id`, `state_id`) VALUES (3, '9090 Macejkovic Park\nEast Drake, ND 62459-5135', 1, 1, '2018-06-12 17:07:38', 2189, 2, 2);
INSERT INTO `orders` (`uid`, `address`, `cash_payment`, `post_delivery`, `order_date`, `total_sum`, `user_id`, `state_id`) VALUES (4, '58594 Jacobson Valley Apt. 603\nMedhurstfurt, AK 78513-1310', 0, 0, '2005-06-11 16:59:38', 6906, 30, 4);
INSERT INTO `orders` (`uid`, `address`, `cash_payment`, `post_delivery`, `order_date`, `total_sum`, `user_id`, `state_id`) VALUES (5, '72389 Edythe Camp Apt. 274\nEast Tedburgh, GA 81627-4633', 1, 1, '2002-11-13 03:16:58', 4754, 14, 4);
INSERT INTO `orders` (`uid`, `address`, `cash_payment`, `post_delivery`, `order_date`, `total_sum`, `user_id`, `state_id`) VALUES (6, '347 Susan Harbors Apt. 392\nNew Nikitahaven, DE 17548-4974', 0, 0, '2019-05-12 09:11:40', 3740, 40, 4);
INSERT INTO `orders` (`uid`, `address`, `cash_payment`, `post_delivery`, `order_date`, `total_sum`, `user_id`, `state_id`) VALUES (7, '4001 Schaefer River\nFlossiefort, NY 29336-0763', 0, 0, '2016-10-07 19:40:55', 2794, 61, 4);
INSERT INTO `orders` (`uid`, `address`, `cash_payment`, `post_delivery`, `order_date`, `total_sum`, `user_id`, `state_id`) VALUES (8, '04084 Carter Knoll Suite 133\nEast Erikahaven, SC 37017-4145', 1, 1, '2018-06-12 17:07:38', 4649, 98, 4);
INSERT INTO `orders` (`uid`, `address`, `cash_payment`, `post_delivery`, `order_date`, `total_sum`, `user_id`, `state_id`) VALUES (9, '4402 Koelpin Roads\nFrancoton, MI 89289-2701', 0, 1, '2016-10-07 19:40:55', 7032, 1, 1);
INSERT INTO `orders` (`uid`, `address`, `cash_payment`, `post_delivery`, `order_date`, `total_sum`, `user_id`, `state_id`) VALUES (10, '7511 Hirthe Lodge Suite 792\nLake Alfshire, VT 99307', 0, 1, '2018-06-12 17:07:38', 4118, 20, 1);
INSERT INTO `orders` (`uid`, `address`, `cash_payment`, `post_delivery`, `order_date`, `total_sum`, `user_id`, `state_id`) VALUES (11, '49708 Fadel Estate Suite 605\nEast Kayleighchester, CA 70531', 1, 1, '2018-06-12 17:07:38', 8579, 61, 4);
INSERT INTO `orders` (`uid`, `address`, `cash_payment`, `post_delivery`, `order_date`, `total_sum`, `user_id`, `state_id`) VALUES (12, '843 Reinhold Knoll\nMurphyside, ND 99881-0676', 1, 0, '2018-06-12 17:07:38', 5658, 43, 2);
INSERT INTO `orders` (`uid`, `address`, `cash_payment`, `post_delivery`, `order_date`, `total_sum`, `user_id`, `state_id`) VALUES (13, '660 Dedric Causeway\nOKonmouth, RI 41621-5236', 0, 0, '2018-06-12 17:07:38', 5062, 35, 4);
INSERT INTO `orders` (`uid`, `address`, `cash_payment`, `post_delivery`, `order_date`, `total_sum`, `user_id`, `state_id`) VALUES (14, '78653 Amelie Drive\nFisherport, NC 46296', 1, 0, '2018-06-12 17:07:38', 6937, 11, 2);
INSERT INTO `orders` (`uid`, `address`, `cash_payment`, `post_delivery`, `order_date`, `total_sum`, `user_id`, `state_id`) VALUES (15, '72887 Schaden Island Apt. 219\nLake Deondre, TX 24401-5875', 1, 0, '2018-06-12 17:07:38', 5587, 86, 1);
INSERT INTO `orders` (`uid`, `address`, `cash_payment`, `post_delivery`, `order_date`, `total_sum`, `user_id`, `state_id`) VALUES (16, '3355 Arvel Port\nGutmannbury, VA 79667', 0, 1, '2016-10-07 19:40:55', 2467, 29, 4);
INSERT INTO `orders` (`uid`, `address`, `cash_payment`, `post_delivery`, `order_date`, `total_sum`, `user_id`, `state_id`) VALUES (17, '7733 Bergstrom Mall Suite 161\nEast Antoniaport, ND 70376', 0, 1, '2018-06-12 17:07:38', 8503, 99, 4);
INSERT INTO `orders` (`uid`, `address`, `cash_payment`, `post_delivery`, `order_date`, `total_sum`, `user_id`, `state_id`) VALUES (18, '62627 Goodwin Locks\nVivamouth, AK 42171', 0, 0, '2003-10-05 04:26:57', 709, 33, 1);
INSERT INTO `orders` (`uid`, `address`, `cash_payment`, `post_delivery`, `order_date`, `total_sum`, `user_id`, `state_id`) VALUES (19, '008 Krajcik Expressway\nCummeratastad, WI 82546-5730', 1, 1, '2018-06-12 17:07:38', 9730, 96, 4);
INSERT INTO `orders` (`uid`, `address`, `cash_payment`, `post_delivery`, `order_date`, `total_sum`, `user_id`, `state_id`) VALUES (20, '89554 Lisette Flats\nBulahburgh, MD 97442-5240', 1, 1, '2018-06-12 17:07:38', 1354, 71, 1);
INSERT INTO `orders` (`uid`, `address`, `cash_payment`, `post_delivery`, `order_date`, `total_sum`, `user_id`, `state_id`) VALUES (21, '98073 Ward Summit\nPort Israelhaven, NV 11463-0194', 1, 0, '2016-10-07 19:40:55', 6989, 54, 1);
INSERT INTO `orders` (`uid`, `address`, `cash_payment`, `post_delivery`, `order_date`, `total_sum`, `user_id`, `state_id`) VALUES (22, '460 Orn Greens\nPort Toy, FL 30625', 1, 0, '2018-06-12 17:07:38', 280, 93, 1);
INSERT INTO `orders` (`uid`, `address`, `cash_payment`, `post_delivery`, `order_date`, `total_sum`, `user_id`, `state_id`) VALUES (23, '147 Dare Crossroad Suite 083\nBinsport, OH 06555-7267', 1, 1, '2010-09-02 10:47:25', 506, 95, 4);
INSERT INTO `orders` (`uid`, `address`, `cash_payment`, `post_delivery`, `order_date`, `total_sum`, `user_id`, `state_id`) VALUES (24, '9907 Torrey Forest\nHanestad, NE 66990-9486', 1, 0, '2018-06-12 17:07:38', 7808, 75, 4);
INSERT INTO `orders` (`uid`, `address`, `cash_payment`, `post_delivery`, `order_date`, `total_sum`, `user_id`, `state_id`) VALUES (25, '283 Keira Wells\nNorth Jane, AR 77039', 1, 0, '2018-06-12 17:07:38', 6676, 90, 4);
INSERT INTO `orders` (`uid`, `address`, `cash_payment`, `post_delivery`, `order_date`, `total_sum`, `user_id`, `state_id`) VALUES (26, '3158 Wuckert Run Suite 074\nManteborough, WA 27102-1980', 1, 0, '2016-10-07 19:40:55', 1283, 10, 3);
INSERT INTO `orders` (`uid`, `address`, `cash_payment`, `post_delivery`, `order_date`, `total_sum`, `user_id`, `state_id`) VALUES (27, '752 Marcella Ridge\nEast Marquis, MA 90006', 0, 1, '2018-06-12 17:07:38', 7731, 81, 3);
INSERT INTO `orders` (`uid`, `address`, `cash_payment`, `post_delivery`, `order_date`, `total_sum`, `user_id`, `state_id`) VALUES (28, '5576 Mavis Junctions Apt. 481\nBradybury, WV 10956-8401', 1, 1, '2018-06-12 17:07:38', 4760, 77, 1);
INSERT INTO `orders` (`uid`, `address`, `cash_payment`, `post_delivery`, `order_date`, `total_sum`, `user_id`, `state_id`) VALUES (29, '67044 Conn Well Apt. 643\nEast Ursulamouth, NY 05605-5301', 0, 1, '2018-06-12 17:07:38', 307, 36, 4);
INSERT INTO `orders` (`uid`, `address`, `cash_payment`, `post_delivery`, `order_date`, `total_sum`, `user_id`, `state_id`) VALUES (30, '9494 Abernathy Stravenue\nPort Amaraberg, VA 74621-4004', 0, 0, '2010-02-14 09:52:15', 4849, 46, 2);
INSERT INTO `orders` (`uid`, `address`, `cash_payment`, `post_delivery`, `order_date`, `total_sum`, `user_id`, `state_id`) VALUES (31, '53451 Hills Green\nNorth Kianachester, SC 51709-7753', 1, 0, '2028-09-13 07:07:38', 8862, 90, 4);
INSERT INTO `orders` (`uid`, `address`, `cash_payment`, `post_delivery`, `order_date`, `total_sum`, `user_id`, `state_id`) VALUES (32, '47212 Jay Ranch Suite 776\nThereseburgh, FL 84003', 1, 0, '2018-06-12 17:07:38', 4984, 11, 4);
INSERT INTO `orders` (`uid`, `address`, `cash_payment`, `post_delivery`, `order_date`, `total_sum`, `user_id`, `state_id`) VALUES (33, '8952 Powlowski Ramp Apt. 662\nTorphyhaven, IA 09785', 0, 1, '2006-08-17 11:40:19', 9560, 49, 3);
INSERT INTO `orders` (`uid`, `address`, `cash_payment`, `post_delivery`, `order_date`, `total_sum`, `user_id`, `state_id`) VALUES (34, '051 Rohan Garden Suite 007\nChamplinbury, KY 24119-5981', 0, 1, '2018-06-12 17:07:38', 5890, 89, 3);
INSERT INTO `orders` (`uid`, `address`, `cash_payment`, `post_delivery`, `order_date`, `total_sum`, `user_id`, `state_id`) VALUES (35, '67969 Rosendo Knoll Apt. 640\nMosciskichester, WI 25886', 1, 0, '2018-06-12 17:07:38', 5963, 5, 3);
INSERT INTO `orders` (`uid`, `address`, `cash_payment`, `post_delivery`, `order_date`, `total_sum`, `user_id`, `state_id`) VALUES (36, '957 Matilda Crossroad Suite 333\nMathewfort, PA 57261-4323', 0, 0, '2018-06-12 17:07:38', 5312, 52, 3);
INSERT INTO `orders` (`uid`, `address`, `cash_payment`, `post_delivery`, `order_date`, `total_sum`, `user_id`, `state_id`) VALUES (37, '589 Hahn Bypass\nPort Leslyshire, AZ 90953-9071', 0, 1, '2016-10-07 19:40:55', 9822, 69, 3);
INSERT INTO `orders` (`uid`, `address`, `cash_payment`, `post_delivery`, `order_date`, `total_sum`, `user_id`, `state_id`) VALUES (38, '34165 Kirlin Neck Suite 264\nFranzview, UT 16031-4938', 1, 1, '2016-10-07 19:40:55', 2656, 73, 4);
INSERT INTO `orders` (`uid`, `address`, `cash_payment`, `post_delivery`, `order_date`, `total_sum`, `user_id`, `state_id`) VALUES (39, '32571 Reilly Plains Apt. 271\nCollierton, AZ 77043', 0, 1, '2018-06-12 17:07:38', 818, 34, 3);
INSERT INTO `orders` (`uid`, `address`, `cash_payment`, `post_delivery`, `order_date`, `total_sum`, `user_id`, `state_id`) VALUES (40, '96985 Amya Run\nRalphstad, SD 27155', 0, 0, '2018-06-12 17:07:38', 3315, 58, 2);
INSERT INTO `orders` (`uid`, `address`, `cash_payment`, `post_delivery`, `order_date`, `total_sum`, `user_id`, `state_id`) VALUES (41, '9420 Mosciski Union\nLake Felicityland, NC 73589-6025', 0, 0, '2016-09-14 22:00:12', 1470, 41, 4);
INSERT INTO `orders` (`uid`, `address`, `cash_payment`, `post_delivery`, `order_date`, `total_sum`, `user_id`, `state_id`) VALUES (42, '3885 Jaylon Streets\nHadleyville, VA 35184', 0, 1, '2002-02-11 23:32:33', 136, 74, 2);
INSERT INTO `orders` (`uid`, `address`, `cash_payment`, `post_delivery`, `order_date`, `total_sum`, `user_id`, `state_id`) VALUES (43, '5529 Alessandra Islands Suite 467\nLudietown, MD 65065', 1, 1, '2018-06-12 17:07:38', 4340, 18, 3);
INSERT INTO `orders` (`uid`, `address`, `cash_payment`, `post_delivery`, `order_date`, `total_sum`, `user_id`, `state_id`) VALUES (44, '22078 Schuster Crest\nNorth Leilanistad, VT 84144', 0, 0, '2018-06-12 17:07:38', 7734, 36, 3);
INSERT INTO `orders` (`uid`, `address`, `cash_payment`, `post_delivery`, `order_date`, `total_sum`, `user_id`, `state_id`) VALUES (45, '96032 Gottlieb Land\nEast Alexandre, SD 05549', 1, 0, '2018-06-12 17:07:38', 8712, 38, 4);
INSERT INTO `orders` (`uid`, `address`, `cash_payment`, `post_delivery`, `order_date`, `total_sum`, `user_id`, `state_id`) VALUES (46, '982 Rubye Valleys Suite 760\nWest Estelleton, TN 88378-3399', 0, 1, '2018-06-12 17:07:38', 8418, 75, 2);
INSERT INTO `orders` (`uid`, `address`, `cash_payment`, `post_delivery`, `order_date`, `total_sum`, `user_id`, `state_id`) VALUES (47, '956 Reinhold Gateway\nNorth Oramouth, VA 25138', 1, 0, '2016-10-07 19:40:55', 3222, 57, 4);
INSERT INTO `orders` (`uid`, `address`, `cash_payment`, `post_delivery`, `order_date`, `total_sum`, `user_id`, `state_id`) VALUES (48, '914 Cullen Viaduct Suite 634\nEmmyview, ND 49882', 0, 1, '2010-11-08 08:45:58', 4341, 16, 1);
INSERT INTO `orders` (`uid`, `address`, `cash_payment`, `post_delivery`, `order_date`, `total_sum`, `user_id`, `state_id`) VALUES (49, '24053 Mayer Passage Suite 474\nRussellstad, HI 45389-3511', 1, 0, '2018-06-12 17:07:38', 5786, 28, 1);
INSERT INTO `orders` (`uid`, `address`, `cash_payment`, `post_delivery`, `order_date`, `total_sum`, `user_id`, `state_id`) VALUES (50, '3912 Jacynthe Row Apt. 343\nNorth Bobury, OH 52961-8952', 0, 1, '2001-06-01 21:59:20', 2723, 49, 2);
INSERT INTO `orders` (`uid`, `address`, `cash_payment`, `post_delivery`, `order_date`, `total_sum`, `user_id`, `state_id`) VALUES (51, '051 Adrienne Ranch Suite 776\nLake Daltonville, WV 93911', 0, 0, '2018-06-12 17:07:38', 5321, 62, 1);
INSERT INTO `orders` (`uid`, `address`, `cash_payment`, `post_delivery`, `order_date`, `total_sum`, `user_id`, `state_id`) VALUES (52, '408 Hoeger Courts\nWisozkmouth, TN 56815-6978', 0, 0, '2011-06-17 10:02:01', 908, 91, 2);
INSERT INTO `orders` (`uid`, `address`, `cash_payment`, `post_delivery`, `order_date`, `total_sum`, `user_id`, `state_id`) VALUES (53, '59595 Citlalli Well Suite 044\nSouth Emma, WV 81619', 1, 1, '2003-11-05 09:41:12', 9169, 45, 4);
INSERT INTO `orders` (`uid`, `address`, `cash_payment`, `post_delivery`, `order_date`, `total_sum`, `user_id`, `state_id`) VALUES (54, '40371 Helene Causeway Apt. 492\nNew Minnieside, CO 11435-7500', 0, 1, '2016-10-07 19:40:55', 6289, 94, 4);
INSERT INTO `orders` (`uid`, `address`, `cash_payment`, `post_delivery`, `order_date`, `total_sum`, `user_id`, `state_id`) VALUES (55, '43678 Vicenta Forges\nAlexanderland, WV 43622', 1, 1, '2018-06-12 17:07:38', 1597, 10, 3);
INSERT INTO `orders` (`uid`, `address`, `cash_payment`, `post_delivery`, `order_date`, `total_sum`, `user_id`, `state_id`) VALUES (56, '22710 Murphy River Suite 341\nMaryjaneberg, IA 07631-9200', 1, 1, '2018-06-12 17:07:38', 2257, 2, 3);
INSERT INTO `orders` (`uid`, `address`, `cash_payment`, `post_delivery`, `order_date`, `total_sum`, `user_id`, `state_id`) VALUES (57, '6661 Pansy Mills\nOsinskiborough, IL 03002-2390', 0, 0, '2018-06-12 17:07:38', 6291, 18, 4);
INSERT INTO `orders` (`uid`, `address`, `cash_payment`, `post_delivery`, `order_date`, `total_sum`, `user_id`, `state_id`) VALUES (58, '94788 Christiansen Point Apt. 037\nWest Ezraview, WY 81136', 0, 0, '2018-06-12 17:07:38', 5370, 72, 2);
INSERT INTO `orders` (`uid`, `address`, `cash_payment`, `post_delivery`, `order_date`, `total_sum`, `user_id`, `state_id`) VALUES (59, '47176 Labadie Knoll\nFritschshire, NJ 34178', 1, 0, '2009-05-17 14:43:30', 8994, 26, 1);
INSERT INTO `orders` (`uid`, `address`, `cash_payment`, `post_delivery`, `order_date`, `total_sum`, `user_id`, `state_id`) VALUES (60, '8707 Paris Camp\nBarrowsmouth, KS 81415', 0, 1, '2013-02-02 20:30:59', 5646, 89, 4);
INSERT INTO `orders` (`uid`, `address`, `cash_payment`, `post_delivery`, `order_date`, `total_sum`, `user_id`, `state_id`) VALUES (61, '23980 Gibson Alley\nBrauliochester, PA 34776', 1, 1, '2018-06-12 17:07:38', 3779, 89, 4);
INSERT INTO `orders` (`uid`, `address`, `cash_payment`, `post_delivery`, `order_date`, `total_sum`, `user_id`, `state_id`) VALUES (62, '75147 Bode Coves\nKulaston, LA 26184', 0, 0, '2018-06-12 17:07:38', 4063, 90, 3);
INSERT INTO `orders` (`uid`, `address`, `cash_payment`, `post_delivery`, `order_date`, `total_sum`, `user_id`, `state_id`) VALUES (63, '3991 Abernathy Ridge\nMaximehaven, RI 93178-3843', 0, 1, '2016-10-07 19:40:55', 7858, 47, 1);
INSERT INTO `orders` (`uid`, `address`, `cash_payment`, `post_delivery`, `order_date`, `total_sum`, `user_id`, `state_id`) VALUES (64, '9517 Stiedemann Station Apt. 056\nBarrowschester, SD 00878', 1, 0, '2018-07-13 03:34:03', 5022, 51, 4);
INSERT INTO `orders` (`uid`, `address`, `cash_payment`, `post_delivery`, `order_date`, `total_sum`, `user_id`, `state_id`) VALUES (65, '465 Hilpert Groves\nBayerberg, AR 34585', 1, 0, '2007-09-06 06:53:45', 4424, 8, 4);
INSERT INTO `orders` (`uid`, `address`, `cash_payment`, `post_delivery`, `order_date`, `total_sum`, `user_id`, `state_id`) VALUES (66, '62024 Senger Court\nNorth Maria, MI 74750', 1, 0, '2016-10-07 19:40:55', 7979, 7, 4);
INSERT INTO `orders` (`uid`, `address`, `cash_payment`, `post_delivery`, `order_date`, `total_sum`, `user_id`, `state_id`) VALUES (67, '430 Percy Keys Apt. 498\nSouth Rebekahfort, AR 25635', 0, 0, '2018-06-12 17:07:38', 6749, 100, 4);
INSERT INTO `orders` (`uid`, `address`, `cash_payment`, `post_delivery`, `order_date`, `total_sum`, `user_id`, `state_id`) VALUES (68, '8614 Blanda Isle Suite 823\nSouth Dave, RI 20555', 0, 1, '2018-08-15 12:14:09', 9692, 100, 3);
INSERT INTO `orders` (`uid`, `address`, `cash_payment`, `post_delivery`, `order_date`, `total_sum`, `user_id`, `state_id`) VALUES (69, '282 Ferry Squares Suite 653\nArnaldotown, NV 25736-4463', 1, 1, '2018-06-12 17:07:38', 8741, 60, 4);
INSERT INTO `orders` (`uid`, `address`, `cash_payment`, `post_delivery`, `order_date`, `total_sum`, `user_id`, `state_id`) VALUES (70, '47914 Trantow Haven Apt. 167\nLake Alexis, NV 36079', 1, 1, '2018-06-12 17:07:38', 69, 23, 4);
INSERT INTO `orders` (`uid`, `address`, `cash_payment`, `post_delivery`, `order_date`, `total_sum`, `user_id`, `state_id`) VALUES (71, '585 Yost Trace\nRunolfssonbury, WV 60125-1390', 0, 1, '2006-01-16 03:15:52', 6765, 44, 2);
INSERT INTO `orders` (`uid`, `address`, `cash_payment`, `post_delivery`, `order_date`, `total_sum`, `user_id`, `state_id`) VALUES (72, '8132 Kaylah Way Apt. 296\nEast Audreanneville, OH 02908-0293', 1, 1, '2015-09-19 20:42:56', 4946, 21, 4);
INSERT INTO `orders` (`uid`, `address`, `cash_payment`, `post_delivery`, `order_date`, `total_sum`, `user_id`, `state_id`) VALUES (73, '077 Wyman Rue\nSouth Priscilla, UT 24106-5122', 1, 1, '2016-06-18 11:41:42', 5017, 100, 4);
INSERT INTO `orders` (`uid`, `address`, `cash_payment`, `post_delivery`, `order_date`, `total_sum`, `user_id`, `state_id`) VALUES (74, '9895 Aylin Crossing\nLangside, LA 53715-5469', 1, 1, '2018-06-12 17:07:38', 3503, 96, 2);
INSERT INTO `orders` (`uid`, `address`, `cash_payment`, `post_delivery`, `order_date`, `total_sum`, `user_id`, `state_id`) VALUES (75, '0132 Kuphal Creek\nSouth Trevion, NV 06075-7605', 0, 1, '2018-06-12 17:07:38', 8316, 99, 4);
INSERT INTO `orders` (`uid`, `address`, `cash_payment`, `post_delivery`, `order_date`, `total_sum`, `user_id`, `state_id`) VALUES (76, '2065 Abner Spring Suite 356\nNorth Isabella, NY 62859', 0, 0, '2018-06-12 17:07:38', 6359, 87, 4);
INSERT INTO `orders` (`uid`, `address`, `cash_payment`, `post_delivery`, `order_date`, `total_sum`, `user_id`, `state_id`) VALUES (77, '022 Kris Dam Suite 393\nViolettetown, MO 11433-5863', 1, 0, '2028-05-02 12:35:24', 5877, 47, 4);
INSERT INTO `orders` (`uid`, `address`, `cash_payment`, `post_delivery`, `order_date`, `total_sum`, `user_id`, `state_id`) VALUES (78, '95896 Jast Turnpike\nNorth Deven, DE 01988-0165', 0, 1, '2018-06-12 17:07:38', 5025, 34, 4);
INSERT INTO `orders` (`uid`, `address`, `cash_payment`, `post_delivery`, `order_date`, `total_sum`, `user_id`, `state_id`) VALUES (79, '7568 Senger Prairie\nSouth Carmine, NH 61930', 1, 1, '2018-06-12 17:07:38', 8233, 81, 4);
INSERT INTO `orders` (`uid`, `address`, `cash_payment`, `post_delivery`, `order_date`, `total_sum`, `user_id`, `state_id`) VALUES (80, '219 McKenzie Prairie Apt. 619\nSeanmouth, MA 55391-0299', 0, 1, '2018-06-12 17:07:38', 4271, 68, 4);
INSERT INTO `orders` (`uid`, `address`, `cash_payment`, `post_delivery`, `order_date`, `total_sum`, `user_id`, `state_id`) VALUES (81, '2298 Koss Mountains Apt. 231\nWest Helmer, CO 31882-7043', 0, 1, '2018-06-12 17:07:38', 5728, 83, 4);
INSERT INTO `orders` (`uid`, `address`, `cash_payment`, `post_delivery`, `order_date`, `total_sum`, `user_id`, `state_id`) VALUES (82, '79367 Runte Summit\nEast Stellaberg, LA 62980', 0, 1, '2018-06-12 17:07:38', 2834, 59, 4);
INSERT INTO `orders` (`uid`, `address`, `cash_payment`, `post_delivery`, `order_date`, `total_sum`, `user_id`, `state_id`) VALUES (83, '7759 Durgan Trail\nPort Noe, FL 31382-4349', 0, 1, '2018-06-12 17:07:38', 9231, 71, 3);
INSERT INTO `orders` (`uid`, `address`, `cash_payment`, `post_delivery`, `order_date`, `total_sum`, `user_id`, `state_id`) VALUES (84, '169 Aubree Ridges\nEast Selena, NM 87135-4393', 0, 1, '2010-04-02 17:38:38', 7890, 28, 2);
INSERT INTO `orders` (`uid`, `address`, `cash_payment`, `post_delivery`, `order_date`, `total_sum`, `user_id`, `state_id`) VALUES (85, '4458 Turcotte Burg\nNew Clementinaberg, MN 39360', 0, 0, '2005-10-03 17:22:50', 4858, 52, 3);
INSERT INTO `orders` (`uid`, `address`, `cash_payment`, `post_delivery`, `order_date`, `total_sum`, `user_id`, `state_id`) VALUES (86, '415 Clifford Mall\nSelenatown, NY 23959-9741', 0, 0, '2018-06-12 17:07:38', 7164, 100, 4);
INSERT INTO `orders` (`uid`, `address`, `cash_payment`, `post_delivery`, `order_date`, `total_sum`, `user_id`, `state_id`) VALUES (87, '98002 Greenfelder Lock Apt. 358\nGottliebton, LA 55049', 1, 0, '2018-06-12 17:07:38', 7504, 75, 1);
INSERT INTO `orders` (`uid`, `address`, `cash_payment`, `post_delivery`, `order_date`, `total_sum`, `user_id`, `state_id`) VALUES (88, '7351 Welch Run\nEffertzmouth, CO 62271', 0, 0, '2018-06-12 17:07:38', 9544, 57, 4);
INSERT INTO `orders` (`uid`, `address`, `cash_payment`, `post_delivery`, `order_date`, `total_sum`, `user_id`, `state_id`) VALUES (89, '59022 Koss Radial\nNew Caleigh, WI 86879-8195', 1, 1, '2018-06-12 17:07:38', 2051, 12, 3);
INSERT INTO `orders` (`uid`, `address`, `cash_payment`, `post_delivery`, `order_date`, `total_sum`, `user_id`, `state_id`) VALUES (90, '981 Zena Garden Apt. 814\nAlbinafurt, MN 27855', 1, 1, '2018-06-12 17:07:38', 969, 99, 1);
INSERT INTO `orders` (`uid`, `address`, `cash_payment`, `post_delivery`, `order_date`, `total_sum`, `user_id`, `state_id`) VALUES (91, '98371 Kavon Harbor\nPort Janiya, AR 97720-3899', 0, 0, '2018-06-12 17:07:38', 62, 37, 4);
INSERT INTO `orders` (`uid`, `address`, `cash_payment`, `post_delivery`, `order_date`, `total_sum`, `user_id`, `state_id`) VALUES (92, '838 Leta Point Apt. 644\nNorth Ahmed, OK 63112-1502', 1, 0, '2016-10-07 19:40:55', 81, 98, 4);
INSERT INTO `orders` (`uid`, `address`, `cash_payment`, `post_delivery`, `order_date`, `total_sum`, `user_id`, `state_id`) VALUES (93, '3786 Milo Wall\nNorth Albury, KS 48272', 1, 1, '2018-06-12 17:07:38', 4000, 62, 2);
INSERT INTO `orders` (`uid`, `address`, `cash_payment`, `post_delivery`, `order_date`, `total_sum`, `user_id`, `state_id`) VALUES (94, '830 Sporer Forges\nEast Aniyahport, SD 15277-2209', 0, 0, '2018-06-12 17:07:38', 6974, 78, 3);
INSERT INTO `orders` (`uid`, `address`, `cash_payment`, `post_delivery`, `order_date`, `total_sum`, `user_id`, `state_id`) VALUES (95, '1386 Pablo Spring\nConnstad, WY 20901', 0, 0, '2015-03-11 10:22:08', 3832, 15, 3);
INSERT INTO `orders` (`uid`, `address`, `cash_payment`, `post_delivery`, `order_date`, `total_sum`, `user_id`, `state_id`) VALUES (96, '1561 Johnston Mountain\nAshlynnfort, NJ 04327-9497', 0, 0, '2018-06-12 17:07:38', 7923, 31, 4);
INSERT INTO `orders` (`uid`, `address`, `cash_payment`, `post_delivery`, `order_date`, `total_sum`, `user_id`, `state_id`) VALUES (97, '77702 Rickey Springs Apt. 248\nCadeton, OH 47981', 0, 0, '2018-06-12 17:07:38', 8351, 20, 4);
INSERT INTO `orders` (`uid`, `address`, `cash_payment`, `post_delivery`, `order_date`, `total_sum`, `user_id`, `state_id`) VALUES (98, '4428 Furman Lakes\nOtiliachester, UT 65658-9291', 1, 1, '2018-06-12 17:07:38', 8660, 81, 4);
INSERT INTO `orders` (`uid`, `address`, `cash_payment`, `post_delivery`, `order_date`, `total_sum`, `user_id`, `state_id`) VALUES (99, '34285 Damon Coves\nPort Reneemouth, NV 62780', 0, 1, '2018-06-12 17:07:38', 5762, 48, 1);
INSERT INTO `orders` (`uid`, `address`, `cash_payment`, `post_delivery`, `order_date`, `total_sum`, `user_id`, `state_id`) VALUES (100, '34371 Weimann Mount Suite 199\nSengerside, WY 52742-8652', 1, 1, '2018-06-12 17:07:38', 462, 21, 4);


INSERT INTO `order_line` (`quantity`, `order_id`, `product_id`) VALUES (2, 38, 91);
INSERT INTO `order_line` (`quantity`, `order_id`, `product_id`) VALUES (2, 55, 68);
INSERT INTO `order_line` (`quantity`, `order_id`, `product_id`) VALUES (9, 60, 27);
INSERT INTO `order_line` (`quantity`, `order_id`, `product_id`) VALUES (2, 52, 94);
INSERT INTO `order_line` (`quantity`, `order_id`, `product_id`) VALUES (5, 14, 76);
INSERT INTO `order_line` (`quantity`, `order_id`, `product_id`) VALUES (9, 47, 17);
INSERT INTO `order_line` (`quantity`, `order_id`, `product_id`) VALUES (9, 3, 35);
INSERT INTO `order_line` (`quantity`, `order_id`, `product_id`) VALUES (2, 89, 52);
INSERT INTO `order_line` (`quantity`, `order_id`, `product_id`) VALUES (2, 77, 77);
INSERT INTO `order_line` (`quantity`, `order_id`, `product_id`) VALUES (6, 9, 58);
INSERT INTO `order_line` (`quantity`, `order_id`, `product_id`) VALUES (7, 98, 22);
INSERT INTO `order_line` (`quantity`, `order_id`, `product_id`) VALUES (7, 7, 96);
INSERT INTO `order_line` (`quantity`, `order_id`, `product_id`) VALUES (0, 47, 62);
INSERT INTO `order_line` (`quantity`, `order_id`, `product_id`) VALUES (1, 100, 75);
INSERT INTO `order_line` (`quantity`, `order_id`, `product_id`) VALUES (8, 45, 22);
INSERT INTO `order_line` (`quantity`, `order_id`, `product_id`) VALUES (1, 49, 82);
INSERT INTO `order_line` (`quantity`, `order_id`, `product_id`) VALUES (2, 13, 3);
INSERT INTO `order_line` (`quantity`, `order_id`, `product_id`) VALUES (3, 50, 73);
INSERT INTO `order_line` (`quantity`, `order_id`, `product_id`) VALUES (3, 30, 1);
INSERT INTO `order_line` (`quantity`, `order_id`, `product_id`) VALUES (3, 66, 44);
INSERT INTO `order_line` (`quantity`, `order_id`, `product_id`) VALUES (5, 77, 13);
INSERT INTO `order_line` (`quantity`, `order_id`, `product_id`) VALUES (0, 60, 80);
INSERT INTO `order_line` (`quantity`, `order_id`, `product_id`) VALUES (3, 47, 48);
INSERT INTO `order_line` (`quantity`, `order_id`, `product_id`) VALUES (8, 32, 24);
INSERT INTO `order_line` (`quantity`, `order_id`, `product_id`) VALUES (6, 25, 40);
INSERT INTO `order_line` (`quantity`, `order_id`, `product_id`) VALUES (5, 82, 22);
INSERT INTO `order_line` (`quantity`, `order_id`, `product_id`) VALUES (4, 62, 88);
INSERT INTO `order_line` (`quantity`, `order_id`, `product_id`) VALUES (4, 17, 9);
INSERT INTO `order_line` (`quantity`, `order_id`, `product_id`) VALUES (0, 49, 17);
INSERT INTO `order_line` (`quantity`, `order_id`, `product_id`) VALUES (9, 83, 93);
INSERT INTO `order_line` (`quantity`, `order_id`, `product_id`) VALUES (2, 39, 31);
INSERT INTO `order_line` (`quantity`, `order_id`, `product_id`) VALUES (7, 75, 52);
INSERT INTO `order_line` (`quantity`, `order_id`, `product_id`) VALUES (7, 34, 24);
INSERT INTO `order_line` (`quantity`, `order_id`, `product_id`) VALUES (0, 24, 64);
INSERT INTO `order_line` (`quantity`, `order_id`, `product_id`) VALUES (6, 25, 89);
INSERT INTO `order_line` (`quantity`, `order_id`, `product_id`) VALUES (9, 7, 1);
INSERT INTO `order_line` (`quantity`, `order_id`, `product_id`) VALUES (7, 2, 67);
INSERT INTO `order_line` (`quantity`, `order_id`, `product_id`) VALUES (4, 80, 48);
INSERT INTO `order_line` (`quantity`, `order_id`, `product_id`) VALUES (3, 14, 11);
INSERT INTO `order_line` (`quantity`, `order_id`, `product_id`) VALUES (8, 71, 39);
INSERT INTO `order_line` (`quantity`, `order_id`, `product_id`) VALUES (4, 51, 53);
INSERT INTO `order_line` (`quantity`, `order_id`, `product_id`) VALUES (1, 60, 12);
INSERT INTO `order_line` (`quantity`, `order_id`, `product_id`) VALUES (9, 40, 77);
INSERT INTO `order_line` (`quantity`, `order_id`, `product_id`) VALUES (3, 20, 89);
INSERT INTO `order_line` (`quantity`, `order_id`, `product_id`) VALUES (2, 93, 2);
INSERT INTO `order_line` (`quantity`, `order_id`, `product_id`) VALUES (5, 82, 32);
INSERT INTO `order_line` (`quantity`, `order_id`, `product_id`) VALUES (7, 33, 56);
INSERT INTO `order_line` (`quantity`, `order_id`, `product_id`) VALUES (7, 83, 67);
INSERT INTO `order_line` (`quantity`, `order_id`, `product_id`) VALUES (9, 79, 6);
INSERT INTO `order_line` (`quantity`, `order_id`, `product_id`) VALUES (5, 31, 4);
INSERT INTO `order_line` (`quantity`, `order_id`, `product_id`) VALUES (2, 95, 38);
INSERT INTO `order_line` (`quantity`, `order_id`, `product_id`) VALUES (0, 4, 96);
INSERT INTO `order_line` (`quantity`, `order_id`, `product_id`) VALUES (0, 4, 84);
INSERT INTO `order_line` (`quantity`, `order_id`, `product_id`) VALUES (1, 44, 18);
INSERT INTO `order_line` (`quantity`, `order_id`, `product_id`) VALUES (6, 95, 15);
INSERT INTO `order_line` (`quantity`, `order_id`, `product_id`) VALUES (9, 56, 46);
INSERT INTO `order_line` (`quantity`, `order_id`, `product_id`) VALUES (6, 67, 16);
INSERT INTO `order_line` (`quantity`, `order_id`, `product_id`) VALUES (3, 57, 7);
INSERT INTO `order_line` (`quantity`, `order_id`, `product_id`) VALUES (5, 92, 77);
INSERT INTO `order_line` (`quantity`, `order_id`, `product_id`) VALUES (2, 96, 85);
INSERT INTO `order_line` (`quantity`, `order_id`, `product_id`) VALUES (1, 79, 77);
INSERT INTO `order_line` (`quantity`, `order_id`, `product_id`) VALUES (9, 16, 11);
INSERT INTO `order_line` (`quantity`, `order_id`, `product_id`) VALUES (9, 33, 99);
INSERT INTO `order_line` (`quantity`, `order_id`, `product_id`) VALUES (6, 78, 12);
INSERT INTO `order_line` (`quantity`, `order_id`, `product_id`) VALUES (0, 5, 8);
INSERT INTO `order_line` (`quantity`, `order_id`, `product_id`) VALUES (3, 15, 99);
INSERT INTO `order_line` (`quantity`, `order_id`, `product_id`) VALUES (5, 45, 19);
INSERT INTO `order_line` (`quantity`, `order_id`, `product_id`) VALUES (1, 95, 49);
INSERT INTO `order_line` (`quantity`, `order_id`, `product_id`) VALUES (1, 3, 39);
INSERT INTO `order_line` (`quantity`, `order_id`, `product_id`) VALUES (5, 66, 97);
INSERT INTO `order_line` (`quantity`, `order_id`, `product_id`) VALUES (0, 54, 21);
INSERT INTO `order_line` (`quantity`, `order_id`, `product_id`) VALUES (1, 43, 21);
INSERT INTO `order_line` (`quantity`, `order_id`, `product_id`) VALUES (6, 36, 99);
INSERT INTO `order_line` (`quantity`, `order_id`, `product_id`) VALUES (5, 27, 28);
INSERT INTO `order_line` (`quantity`, `order_id`, `product_id`) VALUES (2, 75, 22);
INSERT INTO `order_line` (`quantity`, `order_id`, `product_id`) VALUES (1, 12, 53);
INSERT INTO `order_line` (`quantity`, `order_id`, `product_id`) VALUES (6, 99, 28);
INSERT INTO `order_line` (`quantity`, `order_id`, `product_id`) VALUES (3, 64, 31);
INSERT INTO `order_line` (`quantity`, `order_id`, `product_id`) VALUES (8, 26, 42);
INSERT INTO `order_line` (`quantity`, `order_id`, `product_id`) VALUES (2, 42, 30);
INSERT INTO `order_line` (`quantity`, `order_id`, `product_id`) VALUES (7, 49, 56);
INSERT INTO `order_line` (`quantity`, `order_id`, `product_id`) VALUES (5, 29, 94);
INSERT INTO `order_line` (`quantity`, `order_id`, `product_id`) VALUES (2, 75, 24);
INSERT INTO `order_line` (`quantity`, `order_id`, `product_id`) VALUES (8, 43, 77);
INSERT INTO `order_line` (`quantity`, `order_id`, `product_id`) VALUES (6, 63, 8);
INSERT INTO `order_line` (`quantity`, `order_id`, `product_id`) VALUES (6, 74, 16);
INSERT INTO `order_line` (`quantity`, `order_id`, `product_id`) VALUES (1, 28, 16);
INSERT INTO `order_line` (`quantity`, `order_id`, `product_id`) VALUES (2, 36, 64);
INSERT INTO `order_line` (`quantity`, `order_id`, `product_id`) VALUES (8, 14, 63);
INSERT INTO `order_line` (`quantity`, `order_id`, `product_id`) VALUES (8, 91, 89);
INSERT INTO `order_line` (`quantity`, `order_id`, `product_id`) VALUES (0, 84, 2);
INSERT INTO `order_line` (`quantity`, `order_id`, `product_id`) VALUES (8, 42, 83);
INSERT INTO `order_line` (`quantity`, `order_id`, `product_id`) VALUES (2, 30, 5);
INSERT INTO `order_line` (`quantity`, `order_id`, `product_id`) VALUES (9, 13, 56);
INSERT INTO `order_line` (`quantity`, `order_id`, `product_id`) VALUES (4, 47, 55);
INSERT INTO `order_line` (`quantity`, `order_id`, `product_id`) VALUES (0, 86, 96);
INSERT INTO `order_line` (`quantity`, `order_id`, `product_id`) VALUES (3, 10, 15);
INSERT INTO `order_line` (`quantity`, `order_id`, `product_id`) VALUES (6, 90, 85);
INSERT INTO `order_line` (`quantity`, `order_id`, `product_id`) VALUES (6, 38, 32);
INSERT INTO `order_line` (`quantity`, `order_id`, `product_id`) VALUES (3, 61, 1);


*/
/*

INSERT INTO `wishlist_item` (`product_id`, `user_id`) VALUES (1, 69);
INSERT INTO `wishlist_item` (`product_id`, `user_id`) VALUES (1, 79);
INSERT INTO `wishlist_item` (`product_id`, `user_id`) VALUES (1, 81);
INSERT INTO `wishlist_item` (`product_id`, `user_id`) VALUES (2, 66);
INSERT INTO `wishlist_item` (`product_id`, `user_id`) VALUES (3, 22);
INSERT INTO `wishlist_item` (`product_id`, `user_id`) VALUES (6, 8);
INSERT INTO `wishlist_item` (`product_id`, `user_id`) VALUES (6, 53);
INSERT INTO `wishlist_item` (`product_id`, `user_id`) VALUES (8, 13);
INSERT INTO `wishlist_item` (`product_id`, `user_id`) VALUES (9, 2);
INSERT INTO `wishlist_item` (`product_id`, `user_id`) VALUES (9, 62);
INSERT INTO `wishlist_item` (`product_id`, `user_id`) VALUES (10, 37);
INSERT INTO `wishlist_item` (`product_id`, `user_id`) VALUES (15, 55);
INSERT INTO `wishlist_item` (`product_id`, `user_id`) VALUES (15, 65);
INSERT INTO `wishlist_item` (`product_id`, `user_id`) VALUES (15, 84);
INSERT INTO `wishlist_item` (`product_id`, `user_id`) VALUES (16, 2);
INSERT INTO `wishlist_item` (`product_id`, `user_id`) VALUES (16, 60);
INSERT INTO `wishlist_item` (`product_id`, `user_id`) VALUES (17, 14);
INSERT INTO `wishlist_item` (`product_id`, `user_id`) VALUES (17, 68);
INSERT INTO `wishlist_item` (`product_id`, `user_id`) VALUES (18, 51);
INSERT INTO `wishlist_item` (`product_id`, `user_id`) VALUES (18, 62);
INSERT INTO `wishlist_item` (`product_id`, `user_id`) VALUES (21, 74);
INSERT INTO `wishlist_item` (`product_id`, `user_id`) VALUES (21, 100);
INSERT INTO `wishlist_item` (`product_id`, `user_id`) VALUES (22, 75);
INSERT INTO `wishlist_item` (`product_id`, `user_id`) VALUES (23, 49);
INSERT INTO `wishlist_item` (`product_id`, `user_id`) VALUES (24, 82);
INSERT INTO `wishlist_item` (`product_id`, `user_id`) VALUES (25, 73);
INSERT INTO `wishlist_item` (`product_id`, `user_id`) VALUES (26, 77);
INSERT INTO `wishlist_item` (`product_id`, `user_id`) VALUES (28, 44);
INSERT INTO `wishlist_item` (`product_id`, `user_id`) VALUES (29, 60);
INSERT INTO `wishlist_item` (`product_id`, `user_id`) VALUES (30, 15);
INSERT INTO `wishlist_item` (`product_id`, `user_id`) VALUES (30, 17);
INSERT INTO `wishlist_item` (`product_id`, `user_id`) VALUES (30, 53);
INSERT INTO `wishlist_item` (`product_id`, `user_id`) VALUES (31, 95);
INSERT INTO `wishlist_item` (`product_id`, `user_id`) VALUES (32, 78);
INSERT INTO `wishlist_item` (`product_id`, `user_id`) VALUES (33, 70);
INSERT INTO `wishlist_item` (`product_id`, `user_id`) VALUES (33, 97);
INSERT INTO `wishlist_item` (`product_id`, `user_id`) VALUES (35, 93);
INSERT INTO `wishlist_item` (`product_id`, `user_id`) VALUES (36, 41);
INSERT INTO `wishlist_item` (`product_id`, `user_id`) VALUES (37, 16);
INSERT INTO `wishlist_item` (`product_id`, `user_id`) VALUES (37, 25);
INSERT INTO `wishlist_item` (`product_id`, `user_id`) VALUES (38, 90);
INSERT INTO `wishlist_item` (`product_id`, `user_id`) VALUES (39, 29);
INSERT INTO `wishlist_item` (`product_id`, `user_id`) VALUES (40, 39);
INSERT INTO `wishlist_item` (`product_id`, `user_id`) VALUES (40, 41);
INSERT INTO `wishlist_item` (`product_id`, `user_id`) VALUES (40, 76);
INSERT INTO `wishlist_item` (`product_id`, `user_id`) VALUES (41, 6);
INSERT INTO `wishlist_item` (`product_id`, `user_id`) VALUES (41, 49);
INSERT INTO `wishlist_item` (`product_id`, `user_id`) VALUES (41, 72);
INSERT INTO `wishlist_item` (`product_id`, `user_id`) VALUES (42, 54);
INSERT INTO `wishlist_item` (`product_id`, `user_id`) VALUES (43, 91);
INSERT INTO `wishlist_item` (`product_id`, `user_id`) VALUES (44, 10);
INSERT INTO `wishlist_item` (`product_id`, `user_id`) VALUES (45, 30);
INSERT INTO `wishlist_item` (`product_id`, `user_id`) VALUES (46, 93);
INSERT INTO `wishlist_item` (`product_id`, `user_id`) VALUES (47, 88);
INSERT INTO `wishlist_item` (`product_id`, `user_id`) VALUES (50, 71);
INSERT INTO `wishlist_item` (`product_id`, `user_id`) VALUES (52, 58);
INSERT INTO `wishlist_item` (`product_id`, `user_id`) VALUES (52, 66);
INSERT INTO `wishlist_item` (`product_id`, `user_id`) VALUES (54, 91);
INSERT INTO `wishlist_item` (`product_id`, `user_id`) VALUES (56, 93);
INSERT INTO `wishlist_item` (`product_id`, `user_id`) VALUES (57, 1);
INSERT INTO `wishlist_item` (`product_id`, `user_id`) VALUES (57, 24);
INSERT INTO `wishlist_item` (`product_id`, `user_id`) VALUES (58, 84);
INSERT INTO `wishlist_item` (`product_id`, `user_id`) VALUES (58, 93);
INSERT INTO `wishlist_item` (`product_id`, `user_id`) VALUES (59, 94);
INSERT INTO `wishlist_item` (`product_id`, `user_id`) VALUES (60, 23);
INSERT INTO `wishlist_item` (`product_id`, `user_id`) VALUES (60, 65);
INSERT INTO `wishlist_item` (`product_id`, `user_id`) VALUES (61, 92);
INSERT INTO `wishlist_item` (`product_id`, `user_id`) VALUES (61, 100);
INSERT INTO `wishlist_item` (`product_id`, `user_id`) VALUES (62, 72);
INSERT INTO `wishlist_item` (`product_id`, `user_id`) VALUES (63, 66);
INSERT INTO `wishlist_item` (`product_id`, `user_id`) VALUES (65, 39);
INSERT INTO `wishlist_item` (`product_id`, `user_id`) VALUES (65, 49);
INSERT INTO `wishlist_item` (`product_id`, `user_id`) VALUES (65, 78);
INSERT INTO `wishlist_item` (`product_id`, `user_id`) VALUES (68, 3);
INSERT INTO `wishlist_item` (`product_id`, `user_id`) VALUES (69, 47);
INSERT INTO `wishlist_item` (`product_id`, `user_id`) VALUES (69, 89);
INSERT INTO `wishlist_item` (`product_id`, `user_id`) VALUES (70, 18);
INSERT INTO `wishlist_item` (`product_id`, `user_id`) VALUES (70, 88);
INSERT INTO `wishlist_item` (`product_id`, `user_id`) VALUES (71, 92);
INSERT INTO `wishlist_item` (`product_id`, `user_id`) VALUES (74, 10);
INSERT INTO `wishlist_item` (`product_id`, `user_id`) VALUES (76, 86);
INSERT INTO `wishlist_item` (`product_id`, `user_id`) VALUES (80, 10);
INSERT INTO `wishlist_item` (`product_id`, `user_id`) VALUES (80, 44);
INSERT INTO `wishlist_item` (`product_id`, `user_id`) VALUES (81, 97);
INSERT INTO `wishlist_item` (`product_id`, `user_id`) VALUES (84, 6);
INSERT INTO `wishlist_item` (`product_id`, `user_id`) VALUES (85, 68);
INSERT INTO `wishlist_item` (`product_id`, `user_id`) VALUES (85, 74);
INSERT INTO `wishlist_item` (`product_id`, `user_id`) VALUES (85, 91);
INSERT INTO `wishlist_item` (`product_id`, `user_id`) VALUES (89, 20);
INSERT INTO `wishlist_item` (`product_id`, `user_id`) VALUES (89, 75);
INSERT INTO `wishlist_item` (`product_id`, `user_id`) VALUES (89, 80);
INSERT INTO `wishlist_item` (`product_id`, `user_id`) VALUES (91, 51);
INSERT INTO `wishlist_item` (`product_id`, `user_id`) VALUES (91, 56);
INSERT INTO `wishlist_item` (`product_id`, `user_id`) VALUES (93, 83);
INSERT INTO `wishlist_item` (`product_id`, `user_id`) VALUES (96, 70);
INSERT INTO `wishlist_item` (`product_id`, `user_id`) VALUES (96, 92);
INSERT INTO `wishlist_item` (`product_id`, `user_id`) VALUES (97, 65);
INSERT INTO `wishlist_item` (`product_id`, `user_id`) VALUES (98, 30);
INSERT INTO `wishlist_item` (`product_id`, `user_id`) VALUES (98, 36);
INSERT INTO `wishlist_item` (`product_id`, `user_id`) VALUES (98, 41);

*/
